#
# A fatal error has been detected by the Java Runtime Environment:
#
#  EXCEPTION_ACCESS_VIOLATION (0xc0000005) at pc=0x00007ffc3be2a1e0, pid=23880, tid=21468
#
# JRE version: OpenJDK Runtime Environment Microsoft-11926163 (17.0.16+8) (build 17.0.16+8-LTS)
# Java VM: OpenJDK 64-Bit Server VM Microsoft-11926163 (17.0.16+8-LTS, mixed mode, sharing, tiered, compressed oops, compressed class ptrs, g1 gc, windows-amd64)
# Problematic frame:
# C  0x00007ffc3be2a1e0
#
# No core dump will be written. Minidumps are not enabled by default on client versions of Windows
#
# If you would like to submit a bug report, please visit:
#   https://github.com/microsoft/openjdk/issues
# The crash happened outside the Java Virtual Machine in native code.
# See problematic frame for where to report the bug.
#

---------------  S U M M A R Y ------------

Command Line: --add-opens=javafx.graphics/com.sun.javafx.sg.prism=ALL-UNNAMED --module-path=C:\Users\HP\.m2\repository\org\openjfx\javafx-base\21\javafx-base-21-win.jar;C:\Users\HP\.m2\repository\org\openjfx\javafx-base\21\javafx-base-21.jar;C:\Users\HP\.m2\repository\org\openjfx\javafx-controls\21\javafx-controls-21-win.jar;C:\Users\HP\.m2\repository\org\openjfx\javafx-controls\21\javafx-controls-21.jar;C:\Users\HP\.m2\repository\org\openjfx\javafx-fxml\21\javafx-fxml-21-win.jar;C:\Users\HP\.m2\repository\org\openjfx\javafx-fxml\21\javafx-fxml-21.jar;C:\Users\HP\.m2\repository\org\openjfx\javafx-graphics\21\javafx-graphics-21-win.jar;C:\Users\HP\.m2\repository\org\openjfx\javafx-graphics\21\javafx-graphics-21.jar;C:\Users\HP\.m2\repository\org\openjfx\javafx-media\21\javafx-media-21-win.jar;C:\Users\HP\.m2\repository\org\openjfx\javafx-media\21\javafx-media-21.jar;C:\Users\HP\.m2\repository\org\openjfx\javafx-web\21\javafx-web-21-win.jar;C:\Users\HP\.m2\repository\org\openjfx\javafx-web\21\javafx-web-21.jar --add-modules=javafx.base,javafx.controls,javafx.fxml,javafx.graphics,javafx.media,javafx.web org.example.main.MainFX

Host: 11th Gen Intel(R) Core(TM) i7-1165G7 @ 2.80GHz, 8 cores, 15G,  Windows 11 , 64 bit Build 26100 (10.0.26100.8328)
Time: Mon May 11 20:29:25 2026 Romance Standard Time elapsed time: 224.854990 seconds (0d 0h 3m 44s)

---------------  T H R E A D  ---------------

Current thread (0x000001c17609ca00):  JavaThread "JavaFX Application Thread" [_thread_in_native, id=21468, stack(0x00000093f4200000,0x00000093f4300000)]

Stack: [0x00000093f4200000,0x00000093f4300000],  sp=0x00000093f42fdbd8,  free space=1014k
Native frames: (J=compiled Java code, j=interpreted, Vv=VM code, C=native code)
C  0x00007ffc3be2a1e0

Java frames: (J=compiled Java code, j=interpreted, Vv=VM code)
j  com.sun.webkit.network.URLLoaderBase.twkWillSendRequest(ILjava/lang/String;Ljava/lang/String;JLjava/lang/String;Ljava/lang/String;J)V+0 javafx.web@21
j  com.sun.webkit.network.HTTP2Loader.lambda$willSendRequest$14(Ljava/net/http/HttpResponse$ResponseInfo;)V+28 javafx.web@21
j  com.sun.webkit.network.HTTP2Loader$$Lambda$1570+0x000001c1317c69f8.run()V+8 javafx.web@21
J 11918 c2 com.sun.webkit.network.HTTP2Loader$$Lambda$1571+0x000001c1317c6c18.run()V javafx.web@21 (12 bytes) @ 0x000001c11cc696f8 [0x000001c11cc696a0+0x0000000000000058]
J 11035 c2 com.sun.javafx.application.PlatformImpl$$Lambda$101+0x000001c1310847d0.run()V javafx.graphics@21 (12 bytes) @ 0x000001c11cbb8b18 [0x000001c11cbb8a80+0x0000000000000098]
J 11028 c2 com.sun.glass.ui.InvokeLaterDispatcher$Future.run()V javafx.graphics@21 (91 bytes) @ 0x000001c11cbabe0c [0x000001c11cbabdc0+0x000000000000004c]
v  ~StubRoutines::call_stub
j  com.sun.glass.ui.win.WinApplication._runLoop(Ljava/lang/Runnable;)V+0 javafx.graphics@21
j  com.sun.glass.ui.win.WinApplication.lambda$runLoop$3(ILjava/lang/Runnable;)V+8 javafx.graphics@21
j  com.sun.glass.ui.win.WinApplication$$Lambda$90+0x000001c13102baf0.run()V+12 javafx.graphics@21
j  java.lang.Thread.run()V+11 java.base@17.0.16
v  ~StubRoutines::call_stub

siginfo: EXCEPTION_ACCESS_VIOLATION (0xc0000005), reading address 0x0000000000000068


Registers:
RAX=0x0000000000000000, RBX=0x000001c1ca5df0b0, RCX=0x0000000000000060, RDX=0x00007ffc3bb70000
RSP=0x00000093f42fdbd8, RBP=0x00000093f42fe280, RSI=0x0000000000000000, RDI=0x0000000000000000
R8 =0x00000093f42fe280, R9 =0x000001c1d1852960, R10=0x000001c1ca5df0b0, R11=0x0000000000000023
R12=0x000001c1d18525e0, R13=0x00000093f42fe280, R14=0x000001c1c40a9ad0, R15=0x0000000000000000
RIP=0x00007ffc3be2a1e0, EFLAGS=0x0000000000010206

XMM[0]=0x7ff8000000000000 0x7ff8000000000000
XMM[1]=0x000000070c137430 0x7ff8000000000000
XMM[2]=0x0000010000000003 0x000001c1c8f5be12
XMM[3]=0x007400740068003d 0x006600650072006f
XMM[4]=0x0073006b0072006f 0x0077004600320025
XMM[5]=0x0065006c00610063 0x0046003200250073
XMM[6]=0x0000000000000000 0x0000000000000000
XMM[7]=0x0000000000000000 0x0000000000000000
XMM[8]=0x0000000000000000 0x0000000000000000
XMM[9]=0x0000000000000000 0x0000000000000000
XMM[10]=0x0000000000000000 0x0000000000000000
XMM[11]=0x0000000000000000 0x0000000000000000
XMM[12]=0x0000000000000000 0x0000000000000000
XMM[13]=0x0000000000000000 0x0000000000000000
XMM[14]=0x0000000000000000 0x0000000000000000
XMM[15]=0x0000000000000000 0x0000000000000000
  MXCSR=0x00001faf


Register to memory mapping:

RIP=0x00007ffc3be2a1e0 points into unknown readable memory: 0x75c0854808418b48 | 48 8b 41 08 48 85 c0 75
RAX=0x0 is NULL
RBX=0x000001c1ca5df0b0 points into unknown readable memory: 0x0000000000000001 | 01 00 00 00 00 00 00 00
RCX=0x0000000000000060 is an unknown value
RDX=0x00007ffc3bb70000 points into unknown readable memory: 0x0000000300905a4d | 4d 5a 90 00 03 00 00 00
RSP=0x00000093f42fdbd8 is pointing into the stack for thread: 0x000001c17609ca00
RBP=0x00000093f42fe280 is pointing into the stack for thread: 0x000001c17609ca00
RSI=0x0 is NULL
RDI=0x0 is NULL
R8 =0x00000093f42fe280 is pointing into the stack for thread: 0x000001c17609ca00
R9 =0x000001c1d1852960 points into unknown readable memory: 0xffff070001020200 | 00 02 02 01 00 07 ff ff
R10=0x000001c1ca5df0b0 points into unknown readable memory: 0x0000000000000001 | 01 00 00 00 00 00 00 00
R11=0x0000000000000023 is an unknown value
R12=0x000001c1d18525e0 points into unknown readable memory: 0xffffffff00000004 | 04 00 00 00 ff ff ff ff
R13=0x00000093f42fe280 is pointing into the stack for thread: 0x000001c17609ca00
R14=0x000001c1c40a9ad0 points into unknown readable memory: 0x00007ffc3da11ff0 | f0 1f a1 3d fc 7f 00 00
R15=0x0 is NULL


Top of Stack: (sp=0x00000093f42fdbd8)
0x00000093f42fdbd8:   00007ffc3c59473d 0000000000000005
0x00000093f42fdbe8:   0000000000000000 fff0000000000000
0x00000093f42fdbf8:   0000000000000000 0000000000000000
0x00000093f42fdc08:   0000000000000007 0000000000000007
0x00000093f42fdc18:   00007ffc3c5a70eb 00000093f42fe280
0x00000093f42fdc28:   000001c1d1852960 00000093f42fe280
0x00000093f42fdc38:   000001c1ca5df0b0 0000009300000001
0x00000093f42fdc48:   000001c1d18527d0 000001c1d18525d0
0x00000093f42fdc58:   00000093f42fe0e0 000001c1d18525d0
0x00000093f42fdc68:   00007ffc3bec50a3 00000093f42fe130
0x00000093f42fdc78:   000001c1ca5df0b0 00000093f42fdd70
0x00000093f42fdc88:   000001c1c8f5c1a4 000001c1d18527d0
0x00000093f42fdc98:   4180000000000000 00000093f42fe0e0
0x00000093f42fdca8:   0000000000000000 00000093f42fe130
0x00000093f42fdcb8:   0000040000000000 0000000000000000
0x00000093f42fdcc8:   0000000000000000 000001c1c41716c0
0x00000093f42fdcd8:   0000000000000005 0000ab2d76f27b34
0x00000093f42fdce8:   00007ffc3c780355 0000000000000000
0x00000093f42fdcf8:   0000000000000000 00000093f42fe090
0x00000093f42fdd08:   00007ffc3be79f4e 00000093f42fde80
0x00000093f42fdd18:   00007ffc3c5bbca8 0000ab2d76f27ba4
0x00000093f42fdd28:   000001c100000000 0000000000000000
0x00000093f42fdd38:   00007ffc00000000 000001c10a9e1e00
0x00000093f42fdd48:   000001c100000000 000001c10a9e5700
0x00000093f42fdd58:   000001c10a9e02b8 0000040000000201
0x00000093f42fdd68:   0000000000000020 0000000000000001
0x00000093f42fdd78:   0000000000000060 000001c10a9e1e00
0x00000093f42fdd88:   000001c10a9e0cf0 0000000000000000
0x00000093f42fdd98:   0000000000000000 0000000000000000
0x00000093f42fdda8:   0000000000000000 0000000000000060
0x00000093f42fddb8:   000001c10ab10000 0000000000000006
0x00000093f42fddc8:   0000000000000040 0000000000000050 

Instructions: (pc=0x00007ffc3be2a1e0)
0x00007ffc3be2a0e0:   48 89 44 24 20 48 8b cb c6 44 24 28 00 ff d7 48
0x00007ffc3be2a0f0:   8b 4c 24 20 48 8b 7c 24 48 48 85 c9 74 0a 48 8b
0x00007ffc3be2a100:   01 ba 01 00 00 00 ff 10 48 83 c4 30 5b c3 cc cc
0x00007ffc3be2a110:   40 53 48 83 ec 20 48 8b da 48 8b 51 10 48 8b cb
0x00007ffc3be2a120:   e8 eb d1 20 00 48 8b c3 48 83 c4 20 5b c3 cc cc
0x00007ffc3be2a130:   48 89 5c 24 08 48 89 74 24 10 57 48 83 ec 20 ff
0x00007ffc3be2a140:   41 08 48 8d 79 08 48 8b d9 33 f6 48 8b 49 10 48
0x00007ffc3be2a150:   85 c9 74 06 48 8b 49 08 eb 03 48 8b ce 48 8b 89
0x00007ffc3be2a160:   18 04 00 00 e8 07 4d 5a 00 84 c0 75 0c 48 8b 03
0x00007ffc3be2a170:   48 8b cb ff 90 b8 00 00 00 80 7b 0c 03 74 17 48
0x00007ffc3be2a180:   8b 4b 10 48 85 c9 74 06 48 8b 49 08 eb 03 48 8b
0x00007ffc3be2a190:   ce e8 ca d8 01 00 8b 07 83 e8 01 74 12 89 07 48
0x00007ffc3be2a1a0:   8b 5c 24 30 48 8b 74 24 38 48 83 c4 20 5f c3 48
0x00007ffc3be2a1b0:   85 ff 48 0f 44 de 48 85 db 74 0d 48 8b 03 ba 01
0x00007ffc3be2a1c0:   00 00 00 48 8b cb ff 10 48 8b 5c 24 30 48 8b 74
0x00007ffc3be2a1d0:   24 38 48 83 c4 20 5f c3 cc cc cc cc cc cc cc cc
0x00007ffc3be2a1e0:   48 8b 41 08 48 85 c0 75 01 c3 48 8b 40 08 c3 cc
0x00007ffc3be2a1f0:   f7 41 1c 00 04 00 00 74 6f 48 8b 41 28 48 8b 48
0x00007ffc3be2a200:   08 80 b9 ac 09 00 00 02 74 5e 48 85 d2 74 59 48
0x00007ffc3be2a210:   8b 05 ba c2 2c 04 66 66 0f 1f 84 00 00 00 00 00
0x00007ffc3be2a220:   44 8b 02 41 8b c8 81 e1 f0 00 00 00 83 f9 20 74
0x00007ffc3be2a230:   3a 83 f9 40 75 15 48 8b 4a 08 48 39 41 20 75 0b
0x00007ffc3be2a240:   41 8b c8 c1 e9 17 f6 c1 01 74 20 41 f6 c0 0f 75
0x00007ffc3be2a250:   17 41 0f ba e0 12 48 8d 4a 10 ba 00 00 00 00 48
0x00007ffc3be2a260:   0f 43 d1 48 85 d2 75 b8 33 c0 c3 48 8b c2 c3 cc
0x00007ffc3be2a270:   48 89 5c 24 08 55 56 57 48 81 ec 00 01 00 00 48
0x00007ffc3be2a280:   8b 05 c2 e8 20 04 48 33 c4 48 89 84 24 f8 00 00
0x00007ffc3be2a290:   00 48 8b fa 48 8d 8c 24 f0 00 00 00 49 8b 50 28
0x00007ffc3be2a2a0:   49 8b d9 49 8b f0 48 8b 52 08 e8 51 ac 67 00 48
0x00007ffc3be2a2b0:   8b 17 48 8d 44 24 68 33 ed c6 44 24 20 03 f6 43
0x00007ffc3be2a2c0:   1c 80 4c 8d 4c 24 20 4c 8b c6 66 89 6c 24 22 48
0x00007ffc3be2a2d0:   0f 45 dd 40 88 6c 24 34 48 8d 8c 24 f0 00 00 00 


Stack slot to memory mapping:
stack at sp + 0 slots: 0x00007ffc3c59473d points into unknown readable memory: 4c 8b cd
stack at sp + 1 slots: 0x0000000000000005 is an unknown value
stack at sp + 2 slots: 0x0 is NULL
stack at sp + 3 slots: 0xfff0000000000000 is an unknown value
stack at sp + 4 slots: 0x0 is NULL
stack at sp + 5 slots: 0x0 is NULL
stack at sp + 6 slots: 0x0000000000000007 is an unknown value
stack at sp + 7 slots: 0x0000000000000007 is an unknown value


Compiled method (c2)  224969 11918       4       com.sun.webkit.network.HTTP2Loader$$Lambda$1571/0x000001c1317c6c18::run (12 bytes)
 total in heap  [0x000001c11cc69510,0x000001c11cc69808] = 760
 relocation     [0x000001c11cc69670,0x000001c11cc69688] = 24
 main code      [0x000001c11cc696a0,0x000001c11cc69740] = 160
 stub code      [0x000001c11cc69740,0x000001c11cc69758] = 24
 oops           [0x000001c11cc69758,0x000001c11cc69760] = 8
 metadata       [0x000001c11cc69760,0x000001c11cc69770] = 16
 scopes data    [0x000001c11cc69770,0x000001c11cc69798] = 40
 scopes pcs     [0x000001c11cc69798,0x000001c11cc697d8] = 64
 dependencies   [0x000001c11cc697d8,0x000001c11cc697e0] = 8
 handler table  [0x000001c11cc697e0,0x000001c11cc697f8] = 24
 nul chk table  [0x000001c11cc697f8,0x000001c11cc69808] = 16

[Constant Pool (empty)]

[MachCode]
[Entry Point]
  # {method} {0x000001c17524a4a0} 'run' '()V' in 'com/sun/webkit/network/HTTP2Loader$$Lambda$1571+0x000001c1317c6c18'
  #           [sp+0x20]  (sp of caller)
  0x000001c11cc696a0: 448b 5208 | 49bb 0000 | 0030 c101 | 0000 4d03 | d349 3bc2 

  0x000001c11cc696b4: ;   {runtime_call ic_miss_stub}
  0x000001c11cc696b4: 0f85 c67e | 3aff 6690 | 0f1f 4000 
[Verified Entry Point]
  0x000001c11cc696c0: 8984 2400 | 90ff ff55 | 4883 ec10 | 448b 5210 | 448b 420c 

  0x000001c11cc696d4: ; implicit exception: dispatches to 0x000001c11cc69718
  0x000001c11cc696d4: 470f b65c | c40d 4585 | db75 1949 | 8bd2 48c1 | e203 6666 | 9048 b8b0 | 2629 cdc1 

  0x000001c11cc696f0: ;   {virtual_call}
  0x000001c11cc696f0: 0100 00e8 

  0x000001c11cc696f4: ; ImmutableOopMap {}
                      ;*invokeinterface run {reexecute=0 rethrow=0 return_oop=0}
                      ; - com.sun.webkit.network.HTTP2Loader::lambda$callBackIfNotCanceled$10@8 (line 429)
                      ; - com.sun.webkit.network.HTTP2Loader$$Lambda$1571/0x000001c1317c6c18::run@8
  0x000001c11cc696f4: 98c1 45ff | 4883 c410 

  0x000001c11cc696fc: ;   {poll_return}
  0x000001c11cc696fc: 5d49 3ba7 | 4803 0000 | 0f87 1e00 | 0000 c348 | 8bd0 4883 

  0x000001c11cc69710: ;   {runtime_call _rethrow_Java}
  0x000001c11cc69710: c410 5de9 | e8ac 45ff | baf6 ffff | ff41 8bea 

  0x000001c11cc69720: ;   {runtime_call UncommonTrapBlob}
  0x000001c11cc69720: 6666 90e8 

  0x000001c11cc69724: ; ImmutableOopMap {rbp=NarrowOop }
                      ;*invokevirtual lambda$callBackIfNotCanceled$10 {reexecute=0 rethrow=0 return_oop=0}
                      ; - com.sun.webkit.network.HTTP2Loader$$Lambda$1571/0x000001c1317c6c18::run@8
  0x000001c11cc69724: d809 3bff 

  0x000001c11cc69728: ;   {internal_word}
  0x000001c11cc69728: 49ba fd96 | c61c c101 | 0000 4d89 | 9760 0300 

  0x000001c11cc69738: ;   {runtime_call SafepointBlob}
  0x000001c11cc69738: 00e9 42f8 | 3aff f4f4 
[Exception Handler]
  0x000001c11cc69740: ;   {no_reloc}
  0x000001c11cc69740: e9bb cb44 | ffe8 0000 | 0000 4883 

  0x000001c11cc6974c: ;   {runtime_call DeoptimizationBlob}
  0x000001c11cc6974c: 2c24 05e9 | cc0c 3bff | f4f4 f4f4 
[/MachCode]


Compiled method (c2)  224971 11035       4       com.sun.javafx.application.PlatformImpl$$Lambda$101/0x000001c1310847d0::run (12 bytes)
 total in heap  [0x000001c11cbb8890,0x000001c11cbb93c8] = 2872
 relocation     [0x000001c11cbb89f0,0x000001c11cbb8a70] = 128
 main code      [0x000001c11cbb8a80,0x000001c11cbb8fc0] = 1344
 stub code      [0x000001c11cbb8fc0,0x000001c11cbb9010] = 80
 oops           [0x000001c11cbb9010,0x000001c11cbb9030] = 32
 metadata       [0x000001c11cbb9030,0x000001c11cbb9098] = 104
 scopes data    [0x000001c11cbb9098,0x000001c11cbb91e8] = 336
 scopes pcs     [0x000001c11cbb91e8,0x000001c11cbb9328] = 320
 dependencies   [0x000001c11cbb9328,0x000001c11cbb9338] = 16
 handler table  [0x000001c11cbb9338,0x000001c11cbb93b0] = 120
 nul chk table  [0x000001c11cbb93b0,0x000001c11cbb93c8] = 24

[Constant Pool (empty)]

[MachCode]
[Entry Point]
  # {method} {0x000001c1725aee70} 'run' '()V' in 'com/sun/javafx/application/PlatformImpl$$Lambda$101+0x000001c1310847d0'
  #           [sp+0x50]  (sp of caller)
  0x000001c11cbb8a80: 448b 5208 | 49bb 0000 | 0030 c101 | 0000 4d03 | d349 3bc2 

  0x000001c11cbb8a94: ;   {runtime_call ic_miss_stub}
  0x000001c11cbb8a94: 0f85 e68a | 45ff 6690 | 0f1f 4000 
[Verified Entry Point]
  0x000001c11cbb8aa0: 8984 2400 | 90ff ff55 | 4883 ec40 | 448b 4a0c | 448b 5210 

  0x000001c11cbb8ab4: ;   {oop(a 'java/lang/Class'{0x000000070588ba48} = 'java/lang/System')}
  0x000001c11cbb8ab4: 49bb 48ba | 8805 0700 | 0000 458b | 5b7c 4d8b | 8790 0200 | 004d 8b00 | 4585 db0f | 8513 0400 
  0x000001c11cbb8ad4: 0045 85d2 | 7509 33ed | 4c89 4424 | 28eb 1e4c | 8944 2428 | 4489 4c24 | 204b 8d2c | d448 8bd5 
  0x000001c11cbb8af4: ;   {static_call}
  0x000001c11cbb8af4: 6666 90e8 

  0x000001c11cbb8af8: ; ImmutableOopMap {rbp=Oop [32]=NarrowOop [40]=Oop }
                      ;*invokestatic ensureMaterializedForStackWalk {reexecute=0 rethrow=0 return_oop=0}
                      ; - java.security.AccessController::executePrivileged@5 (line 772)
                      ; - java.security.AccessController::doPrivileged@13 (line 399)
                      ; - com.sun.javafx.application.PlatformImpl::lambda$runLater$11@7 (line 455)
                      ; - com.sun.javafx.application.PlatformImpl$$Lambda$101/0x000001c1310847d0::run@8
  0x000001c11cbb8af8: 4488 9eff | 448b 4c24 | 2049 8bd1 | 48c1 e203 | 9048 b840 | 83a6 c6c1 

  0x000001c11cbb8b10: ;   {virtual_call}
  0x000001c11cbb8b10: 0100 00e8 

  0x000001c11cbb8b14: ; ImmutableOopMap {rbp=Oop [40]=Oop }
                      ;*invokeinterface run {reexecute=0 rethrow=0 return_oop=0}
                      ; - com.sun.javafx.application.PlatformImpl::lambda$runLater$10@1 (line 456)
                      ; - com.sun.javafx.application.PlatformImpl$$Lambda$102/0x000001c131085050::run@4
                      ; - java.security.AccessController::executePrivileged@29 (line 776)
                      ; - java.security.AccessController::doPrivileged@13 (line 399)
                      ; - com.sun.javafx.application.PlatformImpl::lambda$runLater$11@7 (line 455)
                      ; - com.sun.javafx.application.PlatformImpl$$Lambda$101/0x000001c1310847d0::run@8
  0x000001c11cbb8b14: 78cd 50ff 

  0x000001c11cbb8b18: ;   {static_call}
  0x000001c11cbb8b18: 33d2 90e8 

  0x000001c11cbb8b1c: ; ImmutableOopMap {rbp=Oop [40]=Oop }
                      ;*invokestatic ensureMaterializedForStackWalk {reexecute=0 rethrow=0 return_oop=0}
                      ; - java.security.AccessController::executePrivileged@56 (line 784)
                      ; - java.security.AccessController::doPrivileged@13 (line 399)
                      ; - com.sun.javafx.application.PlatformImpl::lambda$runLater$11@7 (line 455)
                      ; - com.sun.javafx.application.PlatformImpl$$Lambda$101/0x000001c1310847d0::run@8
  0x000001c11cbb8b1c: 2088 9eff 

  0x000001c11cbb8b20: ;   {oop(a 'java/lang/Class'{0x000000070682b6c0} = 'com/sun/javafx/application/PlatformImpl')}
  0x000001c11cbb8b20: 49ba c0b6 | 8206 0700 | 0000 458b | 9a88 0000 | 0045 85db | 0f84 f502 | 0000 41b8 | ffff ffff 
  0x000001c11cbb8b40: f047 0fc1 | 44dc 0c45 | 8b5a 7047 | 8b54 dc0c | 4585 d20f | 84a7 0300 

  0x000001c11cbb8b58: ;   {oop(a 'java/lang/Class'{0x000000070682d170} = 'com/sun/javafx/tk/Toolkit')}
  0x000001c11cbb8b58: 0049 b870 | d182 0607 | 0000 0048 | 8d5c 2430 | 498b 0048 | f7c0 0200 | 0000 7524 | 4883 c801 
  0x000001c11cbb8b78: 4889 03f0 | 490f b118 | 0f84 3e00 | 0000 482b | c448 81e0 | 07f0 ffff | 4889 03e9 | 2c00 0000 
  0x000001c11cbb8b98: 4c8b d848 | 33c0 f04d | 0fb1 7b3e | 48c7 0303 | 0000 000f | 8413 0000 | 004c 3bf8 | 0f85 0a00 
  0x000001c11cbb8bb8: 0000 49ff | 8386 0000 | 0048 33c0 | 0f85 7e02 

  0x000001c11cbb8bc8: ;   {oop(a 'java/lang/Class'{0x000000070682d170} = 'com/sun/javafx/tk/Toolkit')}
  0x000001c11cbb8bc8: 0000 49ba | 70d1 8206 | 0700 0000 | 418b 6a74 | 85ed 0f84 | 3803 0000 

  0x000001c11cbb8be0: ;   {oop(a 'java/lang/Class'{0x000000070682d170} = 'com/sun/javafx/tk/Toolkit')}
  0x000001c11cbb8be0: 49bb 70d1 | 8206 0700 | 0000 488d | 4424 3048 | 8138 0000 | 0000 0f84 | 8300 0000 | 4d8b 1349 
  0x000001c11cbb8c00: f7c2 0200 | 0000 746f | 4981 ba86 | 0000 0000 | 0000 0074 | 0949 ff8a | 8600 0000 | eb51 498b 
  0x000001c11cbb8c20: 8296 0000 | 0049 0b82 | 8e00 0000 | 750a 49c7 | 423e 0000 | 0000 eb47 | 4981 ba9e | 0000 0000 
  0x000001c11cbb8c40: 0000 0074 | 2548 33c0 | 49c7 423e | 0000 0000 | f083 0424 | 0049 81ba | 9e00 0000 | 0000 0000 
  0x000001c11cbb8c60: 750d f04d | 0fb1 7a3e | 7505 83c8 | 01eb 10f7 | c000 0000 | 00eb 084c | 8b10 f04d | 0fb1 130f 
  0x000001c11cbb8c80: 85f7 0100 

  0x000001c11cbb8c84: ;   {oop(a 'java/lang/Class'{0x000000070682d170} = 'com/sun/javafx/tk/Toolkit')}
  0x000001c11cbb8c84: 0049 ba70 | d182 0607 | 0000 0045 | 8b5a 784d | 8bd3 49c1 | e203 4c8b | 5c24 284d | 3bda 0f85 
  0x000001c11cbb8ca4: b901 0000 

  0x000001c11cbb8ca8: ;   {oop(a 'java/lang/Class'{0x000000070682b6c0} = 'com/sun/javafx/application/PlatformImpl')}
  0x000001c11cbb8ca8: 49b8 c0b6 | 8206 0700 | 0000 488d | 5c24 3049 | 8b00 48f7 | c002 0000 | 0075 2448 | 83c8 0148 
  0x000001c11cbb8cc8: 8903 f049 | 0fb1 180f | 843e 0000 | 0048 2bc4 | 4881 e007 | f0ff ff48 | 8903 e92c | 0000 004c 
  0x000001c11cbb8ce8: 8bd8 4833 | c0f0 4d0f | b17b 3e48 | c703 0300 | 0000 0f84 | 1300 0000 | 4c3b f80f | 850a 0000 
  0x000001c11cbb8d08: 0049 ff83 | 8600 0000 | 4833 c00f | 8587 0100 

  0x000001c11cbb8d18: ;   {oop(a 'java/lang/Class'{0x000000070682b6c0} = 'com/sun/javafx/application/PlatformImpl')}
  0x000001c11cbb8d18: 0049 bac0 | b682 0607 | 0000 0045 | 8b9a 8c00 | 0000 438b | 6cdc 0c85 | ed0f 8ea6 | 0100 0041 
  0x000001c11cbb8d38: c682 e700 | 0000 0145 | 88a2 e800 | 0000 f083 | 4424 c000 | 458b 9a90 | 0000 0045 | 85db 0f84 
  0x000001c11cbb8d58: e000 0000 | 4789 64dc | 0cf0 8344 | 24c0 0041 | 0fb6 aae8 | 0000 0085 | ed0f 85ad 

  0x000001c11cbb8d74: ;   {oop(a 'java/lang/Class'{0x000000070682b6c0} = 'com/sun/javafx/application/PlatformImpl')}
  0x000001c11cbb8d74: 0100 0049 | bbc0 b682 | 0607 0000 | 0048 8d44 | 2430 4881 | 3800 0000 | 000f 8483 | 0000 004d 
  0x000001c11cbb8d94: 8b13 49f7 | c202 0000 | 0074 6f49 | 81ba 8600 | 0000 0000 | 0000 7409 | 49ff 8a86 | 0000 00eb 
  0x000001c11cbb8db4: 5149 8b82 | 9600 0000 | 490b 828e | 0000 0075 | 0a49 c742 | 3e00 0000 | 00eb 4749 | 81ba 9e00 
  0x000001c11cbb8dd4: 0000 0000 | 0000 7425 | 4833 c049 | c742 3e00 | 0000 00f0 | 8304 2400 | 4981 ba9e | 0000 0000 
  0x000001c11cbb8df4: 0000 0075 | 0df0 4d0f | b17a 3e75 | 0583 c801 | eb10 f7c0 | 0000 0000 | eb08 4c8b | 10f0 4d0f 
  0x000001c11cbb8e14: b113 0f85 | 9d00 0000 | 4883 c440 

  0x000001c11cbb8e20: ;   {poll_return}
  0x000001c11cbb8e20: 5d49 3ba7 | 4803 0000 | 0f87 7201 | 0000 c3ba | f6ff ffff 

  0x000001c11cbb8e34: ;   {runtime_call UncommonTrapBlob}
  0x000001c11cbb8e34: 6666 90e8 

  0x000001c11cbb8e38: ; ImmutableOopMap {}
                      ;*invokevirtual decrementAndGet {reexecute=0 rethrow=0 return_oop=0}
                      ; - com.sun.javafx.application.PlatformImpl::lambda$runLater$11@17 (line 460)
                      ; - com.sun.javafx.application.PlatformImpl$$Lambda$101/0x000001c1310847d0::run@8
  0x000001c11cbb8e38: c412 46ff | baf6 ffff 

  0x000001c11cbb8e40: ;   {runtime_call UncommonTrapBlob}
  0x000001c11cbb8e40: ff66 90e8 

  0x000001c11cbb8e44: ; ImmutableOopMap {}
                      ;*invokevirtual set {reexecute=0 rethrow=0 return_oop=0}
                      ; - com.sun.javafx.application.PlatformImpl::checkIdle@55 (line 561)
                      ; - com.sun.javafx.application.PlatformImpl::lambda$runLater$11@21 (line 461)
                      ; - com.sun.javafx.application.PlatformImpl$$Lambda$101/0x000001c1310847d0::run@8
  0x000001c11cbb8e44: b812 46ff 

  0x000001c11cbb8e48: ;   {oop(a 'java/lang/Class'{0x000000070682d170} = 'com/sun/javafx/tk/Toolkit')}
  0x000001c11cbb8e48: 48ba 70d1 | 8206 0700 | 0000 4c8d 

  0x000001c11cbb8e54: ;   {runtime_call _complete_monitor_locking_Java}
  0x000001c11cbb8e54: 4424 30e8 

  0x000001c11cbb8e58: ; ImmutableOopMap {[40]=Oop }
                      ;*synchronization entry
                      ; - com.sun.javafx.tk.Toolkit::getToolkit@-1 (line 199)
                      ; - com.sun.javafx.application.PlatformImpl::isFxApplicationThread@0 (line 427)
                      ; - com.sun.javafx.application.PlatformImpl::checkIdle@10 (line 546)
                      ; - com.sun.javafx.application.PlatformImpl::lambda$runLater$11@21 (line 461)
                      ; - com.sun.javafx.application.PlatformImpl$$Lambda$101/0x000001c1310847d0::run@8
  0x000001c11cbb8e58: a4ac 50ff | e969 fdff | ff45 33c0 | bd01 0000 | 004d 3bda | 410f 45e8 | ba45 ffff 

  0x000001c11cbb8e74: ;   {runtime_call UncommonTrapBlob}
  0x000001c11cbb8e74: ff66 90e8 

  0x000001c11cbb8e78: ; ImmutableOopMap {}
                      ;*ifne {reexecute=1 rethrow=0 return_oop=0}
                      ; - (reexecute) com.sun.javafx.application.PlatformImpl::checkIdle@13 (line 546)
                      ; - com.sun.javafx.application.PlatformImpl::lambda$runLater$11@21 (line 461)
                      ; - com.sun.javafx.application.PlatformImpl$$Lambda$101/0x000001c1310847d0::run@8
  0x000001c11cbb8e78: 8412 46ff 

  0x000001c11cbb8e7c: ;   {oop(a 'java/lang/Class'{0x000000070682d170} = 'com/sun/javafx/tk/Toolkit')}
  0x000001c11cbb8e7c: 48b9 70d1 | 8206 0700 | 0000 488d | 5424 304d | 8bc7 49ba | 1045 9cb2 | fc7f 0000 | 41ff d2e9 
  0x000001c11cbb8e9c: e5fd ffff 

  0x000001c11cbb8ea0: ;   {oop(a 'java/lang/Class'{0x000000070682b6c0} = 'com/sun/javafx/application/PlatformImpl')}
  0x000001c11cbb8ea0: 48ba c0b6 | 8206 0700 | 0000 4c8d 

  0x000001c11cbb8eac: ;   {runtime_call _complete_monitor_locking_Java}
  0x000001c11cbb8eac: 4424 30e8 

  0x000001c11cbb8eb0: ; ImmutableOopMap {}
                      ;*monitorenter {reexecute=0 rethrow=0 return_oop=0}
                      ; - com.sun.javafx.application.PlatformImpl::checkIdle@31 (line 556)
                      ; - com.sun.javafx.application.PlatformImpl::lambda$runLater$11@21 (line 461)
                      ; - com.sun.javafx.application.PlatformImpl$$Lambda$101/0x000001c1310847d0::run@8
  0x000001c11cbb8eb0: 4cac 50ff | e960 feff 

  0x000001c11cbb8eb8: ;   {oop(a 'java/lang/Class'{0x000000070682b6c0} = 'com/sun/javafx/application/PlatformImpl')}
  0x000001c11cbb8eb8: ff48 b9c0 | b682 0607 | 0000 0048 | 8d54 2430 | 4d8b c749 | ba10 459c | b2fc 7f00 | 0041 ffd2 
  0x000001c11cbb8ed8: e93f ffff | ffba 45ff 

  0x000001c11cbb8ee0: ;   {runtime_call UncommonTrapBlob}
  0x000001c11cbb8ee0: ffff 90e8 

  0x000001c11cbb8ee4: ; ImmutableOopMap {}
                      ;*ifle {reexecute=1 rethrow=0 return_oop=0}
                      ; - (reexecute) com.sun.javafx.application.PlatformImpl::checkIdle@40 (line 558)
                      ; - com.sun.javafx.application.PlatformImpl::lambda$runLater$11@21 (line 461)
                      ; - com.sun.javafx.application.PlatformImpl$$Lambda$101/0x000001c1310847d0::run@8
  0x000001c11cbb8ee4: 1812 46ff | ba45 ffff | ff41 8bea | 4489 5c24 | 2044 894c 

  0x000001c11cbb8ef8: ;   {runtime_call UncommonTrapBlob}
  0x000001c11cbb8ef8: 2424 90e8 

  0x000001c11cbb8efc: ; ImmutableOopMap {rbp=NarrowOop [32]=NarrowOop [36]=NarrowOop }
                      ;*ifnull {reexecute=1 rethrow=0 return_oop=0}
                      ; - (reexecute) java.security.AccessController::checkContext@3 (line 725)
                      ; - java.security.AccessController::doPrivileged@6 (line 398)
                      ; - com.sun.javafx.application.PlatformImpl::lambda$runLater$11@7 (line 455)
                      ; - com.sun.javafx.application.PlatformImpl$$Lambda$101/0x000001c1310847d0::run@8
  0x000001c11cbb8efc: 0012 46ff | 4585 d240 | 0f95 c540 | 0fb6 edba | 45ff ffff 

  0x000001c11cbb8f10: ;   {runtime_call UncommonTrapBlob}
  0x000001c11cbb8f10: 6666 90e8 

  0x000001c11cbb8f14: ; ImmutableOopMap {}
                      ;*ifne {reexecute=1 rethrow=0 return_oop=0}
                      ; - (reexecute) com.sun.javafx.application.PlatformImpl::checkIdle@6 (line 542)
                      ; - com.sun.javafx.application.PlatformImpl::lambda$runLater$11@21 (line 461)
                      ; - com.sun.javafx.application.PlatformImpl$$Lambda$101/0x000001c1310847d0::run@8
  0x000001c11cbb8f14: e811 46ff | ba45 ffff 

  0x000001c11cbb8f1c: ;   {runtime_call UncommonTrapBlob}
  0x000001c11cbb8f1c: ff66 90e8 

  0x000001c11cbb8f20: ; ImmutableOopMap {rbp=NarrowOop }
                      ;*ifnull {reexecute=1 rethrow=0 return_oop=0}
                      ; - (reexecute) com.sun.javafx.tk.Toolkit::getToolkit@3 (line 199)
                      ; - com.sun.javafx.application.PlatformImpl::isFxApplicationThread@0 (line 427)
                      ; - com.sun.javafx.application.PlatformImpl::checkIdle@10 (line 546)
                      ; - com.sun.javafx.application.PlatformImpl::lambda$runLater$11@21 (line 461)
                      ; - com.sun.javafx.application.PlatformImpl$$Lambda$101/0x000001c1310847d0::run@8
  0x000001c11cbb8f20: dc11 46ff | ba45 ffff 

  0x000001c11cbb8f28: ;   {runtime_call UncommonTrapBlob}
  0x000001c11cbb8f28: ff66 90e8 

  0x000001c11cbb8f2c: ; ImmutableOopMap {}
                      ;*ifeq {reexecute=1 rethrow=0 return_oop=0}
                      ; - (reexecute) com.sun.javafx.application.PlatformImpl::checkIdle@78 (line 570)
                      ; - com.sun.javafx.application.PlatformImpl::lambda$runLater$11@21 (line 461)
                      ; - com.sun.javafx.application.PlatformImpl$$Lambda$101/0x000001c1310847d0::run@8
  0x000001c11cbb8f2c: d011 46ff | baf6 ffff 

  0x000001c11cbb8f34: ;   {runtime_call UncommonTrapBlob}
  0x000001c11cbb8f34: ff66 90e8 

  0x000001c11cbb8f38: ; ImmutableOopMap {}
                      ;*invokevirtual get {reexecute=0 rethrow=0 return_oop=0}
                      ; - com.sun.javafx.application.PlatformImpl::checkIdle@3 (line 542)
                      ; - com.sun.javafx.application.PlatformImpl::lambda$runLater$11@21 (line 461)
                      ; - com.sun.javafx.application.PlatformImpl$$Lambda$101/0x000001c1310847d0::run@8
  0x000001c11cbb8f38: c411 46ff | baf6 ffff 

  0x000001c11cbb8f40: ;   {runtime_call UncommonTrapBlob}
  0x000001c11cbb8f40: ff66 90e8 

  0x000001c11cbb8f44: ; ImmutableOopMap {}
                      ;*invokevirtual get {reexecute=0 rethrow=0 return_oop=0}
                      ; - com.sun.javafx.application.PlatformImpl::checkIdle@35 (line 557)
                      ; - com.sun.javafx.application.PlatformImpl::lambda$runLater$11@21 (line 461)
                      ; - com.sun.javafx.application.PlatformImpl$$Lambda$101/0x000001c1310847d0::run@8
  0x000001c11cbb8f44: b811 46ff | 488b d0eb | 3e48 8bd0 | eb39 488b | e8eb 0848 | 8be8 eb03 

  0x000001c11cbb8f5c: ;   {oop(a 'java/lang/Class'{0x000000070682b6c0} = 'com/sun/javafx/application/PlatformImpl')}
  0x000001c11cbb8f5c: 488b e849 | bac0 b682 | 0607 0000 | 0045 8b9a | 8800 0000 | 4585 db74 | 204b 8d14 

  0x000001c11cbb8f78: ;   {optimized virtual_call}
  0x000001c11cbb8f78: dc66 90e8 

  0x000001c11cbb8f7c: ; ImmutableOopMap {rbp=Oop }
                      ;*invokevirtual decrementAndGet {reexecute=0 rethrow=0 return_oop=0}
                      ; - com.sun.javafx.application.PlatformImpl::lambda$runLater$11@31 (line 460)
                      ; - com.sun.javafx.application.PlatformImpl$$Lambda$101/0x000001c1310847d0::run@8
  0x000001c11cbb8f7c: 808b 45ff 

  0x000001c11cbb8f80: ;   {static_call}
  0x000001c11cbb8f80: 6666 90e8 

  0x000001c11cbb8f84: ; ImmutableOopMap {rbp=Oop }
                      ;*invokestatic checkIdle {reexecute=0 rethrow=0 return_oop=0}
                      ; - com.sun.javafx.application.PlatformImpl::lambda$runLater$11@35 (line 461)
                      ; - com.sun.javafx.application.PlatformImpl$$Lambda$101/0x000001c1310847d0::run@8
  0x000001c11cbb8f84: 7896 45ff | 488b d548 | 83c4 405d 

  0x000001c11cbb8f90: ;   {runtime_call _rethrow_Java}
  0x000001c11cbb8f90: e96b b450 | ffba f6ff 

  0x000001c11cbb8f98: ;   {runtime_call UncommonTrapBlob}
  0x000001c11cbb8f98: ffff 90e8 

  0x000001c11cbb8f9c: ; ImmutableOopMap {rbp=Oop }
                      ;*invokevirtual decrementAndGet {reexecute=0 rethrow=0 return_oop=0}
                      ; - com.sun.javafx.application.PlatformImpl::lambda$runLater$11@31 (line 460)
                      ; - com.sun.javafx.application.PlatformImpl$$Lambda$101/0x000001c1310847d0::run@8
  0x000001c11cbb8f9c: 6011 46ff 

  0x000001c11cbb8fa0: ;   {internal_word}
  0x000001c11cbb8fa0: 49ba 218e | bb1c c101 | 0000 4d89 | 9760 0300 

  0x000001c11cbb8fb0: ;   {runtime_call SafepointBlob}
  0x000001c11cbb8fb0: 00e9 caff | 45ff f4f4 | f4f4 f4f4 | f4f4 f4f4 
[Stub Code]
  0x000001c11cbb8fc0: ;   {no_reloc}
  0x000001c11cbb8fc0: 48bb 0000 | 0000 0000 

  0x000001c11cbb8fc8: ;   {runtime_call}
  0x000001c11cbb8fc8: 0000 e9fb 

  0x000001c11cbb8fcc: ;   {static_stub}
  0x000001c11cbb8fcc: ffff ff48 | bb00 0000 | 0000 0000 

  0x000001c11cbb8fd8: ;   {runtime_call}
  0x000001c11cbb8fd8: 00e9 fbff 

  0x000001c11cbb8fdc: ;   {static_stub}
  0x000001c11cbb8fdc: ffff 48bb | 0000 0000 | 0000 0000 

  0x000001c11cbb8fe8: ;   {runtime_call}
  0x000001c11cbb8fe8: e9fb ffff 

  0x000001c11cbb8fec: ;   {static_stub}
  0x000001c11cbb8fec: ff48 bb00 | 0000 0000 

  0x000001c11cbb8ff4: ;   {runtime_call}
  0x000001c11cbb8ff4: 0000 00e9 | fbff ffff 
[Exception Handler]
  0x000001c11cbb8ffc: ;   {runtime_call ExceptionBlob}
  0x000001c11cbb8ffc: e9ff d24f | ffe8 0000 | 0000 4883 

  0x000001c11cbb9008: ;   {runtime_call DeoptimizationBlob}
  0x000001c11cbb9008: 2c24 05e9 | 1014 46ff 
[/MachCode]


Compiled method (c2)  224981 11028   !   4       com.sun.glass.ui.InvokeLaterDispatcher$Future::run (91 bytes)
 total in heap  [0x000001c11cbabc10,0x000001c11cbac628] = 2584
 relocation     [0x000001c11cbabd70,0x000001c11cbabdb8] = 72
 main code      [0x000001c11cbabdc0,0x000001c11cbac360] = 1440
 stub code      [0x000001c11cbac360,0x000001c11cbac398] = 56
 oops           [0x000001c11cbac398,0x000001c11cbac3a0] = 8
 metadata       [0x000001c11cbac3a0,0x000001c11cbac3a8] = 8
 scopes data    [0x000001c11cbac3a8,0x000001c11cbac4c0] = 280
 scopes pcs     [0x000001c11cbac4c0,0x000001c11cbac5b0] = 240
 dependencies   [0x000001c11cbac5b0,0x000001c11cbac5b8] = 8
 handler table  [0x000001c11cbac5b8,0x000001c11cbac600] = 72
 nul chk table  [0x000001c11cbac600,0x000001c11cbac628] = 40

[Constant Pool (empty)]

[MachCode]
[Entry Point]
  # {method} {0x000001c1725b41c0} 'run' '()V' in 'com/sun/glass/ui/InvokeLaterDispatcher$Future'
  #           [sp+0x70]  (sp of caller)
  0x000001c11cbabdc0: 448b 5208 | 49bb 0000 | 0030 c101 | 0000 4d03 | d349 3bc2 

  0x000001c11cbabdd4: ;   {runtime_call ic_miss_stub}
  0x000001c11cbabdd4: 0f85 a657 | 46ff 6690 | 0f1f 4000 
[Verified Entry Point]
  0x000001c11cbabde0: 8984 2400 | 90ff ff55 | 4883 ec60 | 4889 5424 | 2044 8b52 | 1049 8bd2 | 48c1 e203 | 9048 b8f0 
  0x000001c11cbabe00: 5d35 ccc1 

  0x000001c11cbabe04: ;   {virtual_call}
  0x000001c11cbabe04: 0100 00e8 

  0x000001c11cbabe08: ; ImmutableOopMap {[32]=Oop }
                      ;*invokeinterface run {reexecute=0 rethrow=0 return_oop=0}
                      ; - com.sun.glass.ui.InvokeLaterDispatcher$Future::run@4 (line 95)
  0x000001c11cbabe08: 849a 51ff | 4c8b 5424 | 2045 8b52 | 1443 8bac | d478 0100 | 0085 ed0f | 844f 0100 | 004d 8d14 
  0x000001c11cbabe28: ec4c 8954 | 2428 488d | 5c24 504c | 8b44 2428 | 498b 0048 | f7c0 0200 | 0000 7524 | 4883 c801 
  0x000001c11cbabe48: 4889 03f0 | 490f b118 | 0f84 3e00 | 0000 482b | c448 81e0 | 07f0 ffff | 4889 03e9 | 2c00 0000 
  0x000001c11cbabe68: 4c8b d848 | 33c0 f04d | 0fb1 7b3e | 48c7 0303 | 0000 000f | 8413 0000 | 004c 3bf8 | 0f85 0a00 
  0x000001c11cbabe88: 0000 49ff | 8386 0000 | 0048 33c0 | 0f85 f600 | 0000 4c8b | 5424 2045 | 8b5a 1441 | c642 0c01 
  0x000001c11cbabea8: ; implicit exception: dispatches to 0x000001c11cbabfd0
  0x000001c11cbabea8: 478b 94dc | 7801 0000 | 4585 d20f | 84cb 0000 | 004b 8d14 | d448 8b6c 

  0x000001c11cbabec0: ;   {optimized virtual_call}
  0x000001c11cbabec0: 2428 90e8 

  0x000001c11cbabec4: ; ImmutableOopMap {rbp=Oop }
                      ;*invokevirtual notifyAll {reexecute=0 rethrow=0 return_oop=0}
                      ; - com.sun.glass.ui.InvokeLaterDispatcher$Future::run@31 (line 99)
  0x000001c11cbabec4: f8e5 a0ff | 488d 4424 | 5048 8138 | 0000 0000 | 0f84 8500 | 0000 4c8b | 5500 49f7 | c202 0000 
  0x000001c11cbabee4: 0074 6f49 | 81ba 8600 | 0000 0000 | 0000 7409 | 49ff 8a86 | 0000 00eb | 5149 8b82 | 9600 0000 
  0x000001c11cbabf04: 490b 828e | 0000 0075 | 0a49 c742 | 3e00 0000 | 00eb 4849 | 81ba 9e00 | 0000 0000 | 0000 7425 
  0x000001c11cbabf24: 4833 c049 | c742 3e00 | 0000 00f0 | 8304 2400 | 4981 ba9e | 0000 0000 | 0000 0075 | 0df0 4d0f 
  0x000001c11cbabf44: b17a 3e75 | 0583 c801 | eb11 f7c0 | 0000 0000 | eb09 4c8b | 10f0 4c0f | b155 0075 | 4448 83c4 
  0x000001c11cbabf64: ;   {poll_return}
  0x000001c11cbabf64: 605d 493b | a748 0300 | 000f 87c5 | 0300 00c3 | baf6 ffff | ff48 8b6c 

  0x000001c11cbabf7c: ;   {runtime_call UncommonTrapBlob}
  0x000001c11cbabf7c: 2420 90e8 

  0x000001c11cbabf80: ; ImmutableOopMap {rbp=Oop }
                      ;*monitorenter {reexecute=0 rethrow=0 return_oop=0}
                      ; - com.sun.glass.ui.InvokeLaterDispatcher$Future::run@18 (line 97)
  0x000001c11cbabf80: 7ce1 46ff | baf6 ffff 

  0x000001c11cbabf88: ;   {runtime_call UncommonTrapBlob}
  0x000001c11cbabf88: ff66 90e8 

  0x000001c11cbabf8c: ; ImmutableOopMap {rbp=NarrowOop }
                      ;*invokevirtual notifyAll {reexecute=0 rethrow=0 return_oop=0}
                      ; - com.sun.glass.ui.InvokeLaterDispatcher$Future::run@31 (line 99)
  0x000001c11cbabf8c: 70e1 46ff | 498b d04c | 8d44 2450 

  0x000001c11cbabf98: ;   {runtime_call _complete_monitor_locking_Java}
  0x000001c11cbabf98: 6666 90e8 

  0x000001c11cbabf9c: ; ImmutableOopMap {rbp=NarrowOop [32]=Oop [40]=Oop }
                      ;*monitorenter {reexecute=0 rethrow=0 return_oop=0}
                      ; - com.sun.glass.ui.InvokeLaterDispatcher$Future::run@18 (line 97)
  0x000001c11cbabf9c: 607b 51ff | e9f5 feff | ff48 8bcd | 488d 5424 | 504d 8bc7 | 49ba 1045 | 9cb2 fc7f | 0000 41ff 
  0x000001c11cbabfbc: d2eb a2ba | f6ff ffff | 488b 6c24 

  0x000001c11cbabfc8: ;   {runtime_call UncommonTrapBlob}
  0x000001c11cbabfc8: 2066 90e8 

  0x000001c11cbabfcc: ; ImmutableOopMap {rbp=Oop }
                      ;*getfield LOCK {reexecute=1 rethrow=0 return_oop=0}
                      ; - (reexecute) com.sun.glass.ui.InvokeLaterDispatcher$Future::run@13 (line 97)
  0x000001c11cbabfcc: 30e1 46ff | baf6 ffff 

  0x000001c11cbabfd4: ;   {runtime_call UncommonTrapBlob}
  0x000001c11cbabfd4: ff66 90e8 

  0x000001c11cbabfd8: ; ImmutableOopMap {rbp=NarrowOop }
                      ;*getfield LOCK {reexecute=1 rethrow=0 return_oop=0}
                      ; - (reexecute) com.sun.glass.ui.InvokeLaterDispatcher$Future::run@28 (line 99)
  0x000001c11cbabfd8: 24e1 46ff | 488b d848 | 8d44 2450 | 4c8b 5c24 | 3048 8138 | 0000 0000 | 0f84 8300 | 0000 4d8b 
  0x000001c11cbabff8: 1349 f7c2 | 0200 0000 | 746f 4981 | ba86 0000 | 0000 0000 | 0074 0949 | ff8a 8600 | 0000 eb51 
  0x000001c11cbac018: 498b 8296 | 0000 0049 | 0b82 8e00 | 0000 750a | 49c7 423e | 0000 0000 | eb47 4981 | ba9e 0000 
  0x000001c11cbac038: 0000 0000 | 0074 2548 | 33c0 49c7 | 423e 0000 | 0000 f083 | 0424 0049 | 81ba 9e00 | 0000 0000 
  0x000001c11cbac058: 0000 750d | f04d 0fb1 | 7a3e 7505 | 83c8 01eb | 10f7 c000 | 0000 00eb | 084c 8b10 | f04d 0fb1 
  0x000001c11cbac078: 130f 8581 | 0200 0048 | 8bd3 e908 | 0200 0048 | 8bd8 488d | 4424 5048 | 8138 0000 | 0000 0f84 
  0x000001c11cbac098: 8500 0000 | 4c8b 5500 | 49f7 c202 | 0000 0074 | 6f49 81ba | 8600 0000 | 0000 0000 | 7409 49ff 
  0x000001c11cbac0b8: 8a86 0000 | 00eb 5149 | 8b82 9600 | 0000 490b | 828e 0000 | 0075 0a49 | c742 3e00 | 0000 00eb 
  0x000001c11cbac0d8: 4849 81ba | 9e00 0000 | 0000 0000 | 7425 4833 | c049 c742 | 3e00 0000 | 00f0 8304 | 2400 4981 
  0x000001c11cbac0f8: ba9e 0000 | 0000 0000 | 0075 0df0 | 4d0f b17a | 3e75 0583 | c801 eb11 | f7c0 0000 | 0000 eb09 
  0x000001c11cbac118: 4c8b 10f0 | 4c0f b155 | 000f 85a2 | 0100 0048 | 8bd3 e960 | 0100 0048 | 8944 2428 | 4c8b 5424 
  0x000001c11cbac138: 2045 8b5a | 1443 8bac | dc78 0100 | 0085 ed0f | 844c 0100 | 004d 8d14 | ec4c 8954 | 2430 488d 
  0x000001c11cbac158: 5c24 504c | 8b44 2430 | 498b 0048 | f7c0 0200 | 0000 7524 | 4883 c801 | 4889 03f0 | 490f b118 
  0x000001c11cbac178: 0f84 3e00 | 0000 482b | c448 81e0 | 07f0 ffff | 4889 03e9 | 2c00 0000 | 4c8b d848 | 33c0 f04d 
  0x000001c11cbac198: 0fb1 7b3e | 48c7 0303 | 0000 000f | 8413 0000 | 004c 3bf8 | 0f85 0a00 | 0000 49ff | 8386 0000 
  0x000001c11cbac1b8: 0048 33c0 | 0f85 f200 | 0000 4c8b | 5424 2045 | 8b5a 1441 | c642 0c01 

  0x000001c11cbac1d0: ; implicit exception: dispatches to 0x000001c11cbac32c
  0x000001c11cbac1d0: 478b 94dc | 7801 0000 | 4585 d20f | 84c7 0000 | 004b 8d14 | d448 8b6c 

  0x000001c11cbac1e8: ;   {optimized virtual_call}
  0x000001c11cbac1e8: 2428 90e8 

  0x000001c11cbac1ec: ; ImmutableOopMap {rbp=Oop [48]=Oop }
                      ;*invokevirtual notifyAll {reexecute=0 rethrow=0 return_oop=0}
                      ; - com.sun.glass.ui.InvokeLaterDispatcher$Future::run@71 (line 99)
  0x000001c11cbac1ec: 1059 46ff | 488d 4424 | 504c 8b5c | 2430 4881 | 3800 0000 | 000f 8483 | 0000 004d | 8b13 49f7 
  0x000001c11cbac20c: c202 0000 | 0074 6f49 | 81ba 8600 | 0000 0000 | 0000 7409 | 49ff 8a86 | 0000 00eb | 5149 8b82 
  0x000001c11cbac22c: 9600 0000 | 490b 828e | 0000 0075 | 0a49 c742 | 3e00 0000 | 00eb 4749 | 81ba 9e00 | 0000 0000 
  0x000001c11cbac24c: 0000 7425 | 4833 c049 | c742 3e00 | 0000 00f0 | 8304 2400 | 4981 ba9e | 0000 0000 | 0000 0075 
  0x000001c11cbac26c: 0df0 4d0f | b17a 3e75 | 0583 c801 | eb10 f7c0 | 0000 0000 | eb08 4c8b | 10f0 4d0f | b113 755a 
  0x000001c11cbac28c: 488b d548 | 83c4 605d 

  0x000001c11cbac294: ;   {runtime_call _rethrow_Java}
  0x000001c11cbac294: e967 8151 | ffba f6ff | ffff 498b 

  0x000001c11cbac2a0: ;   {runtime_call UncommonTrapBlob}
  0x000001c11cbac2a0: ea66 90e8 

  0x000001c11cbac2a4: ; ImmutableOopMap {rbp=Oop [40]=Oop }
                      ;*monitorenter {reexecute=0 rethrow=0 return_oop=0}
                      ; - com.sun.glass.ui.InvokeLaterDispatcher$Future::run@58 (line 97)
  0x000001c11cbac2a4: 58de 46ff | baf6 ffff 

  0x000001c11cbac2ac: ;   {runtime_call UncommonTrapBlob}
  0x000001c11cbac2ac: ff66 90e8 

  0x000001c11cbac2b0: ; ImmutableOopMap {rbp=NarrowOop [40]=Oop }
                      ;*invokevirtual notifyAll {reexecute=0 rethrow=0 return_oop=0}
                      ; - com.sun.glass.ui.InvokeLaterDispatcher$Future::run@71 (line 99)
  0x000001c11cbac2b0: 4cde 46ff | 498b d04c | 8d44 2450 

  0x000001c11cbac2bc: ;   {runtime_call _complete_monitor_locking_Java}
  0x000001c11cbac2bc: 6666 90e8 

  0x000001c11cbac2c0: ; ImmutableOopMap {rbp=NarrowOop [32]=Oop [40]=Oop [48]=Oop }
                      ;*monitorenter {reexecute=0 rethrow=0 return_oop=0}
                      ; - com.sun.glass.ui.InvokeLaterDispatcher$Future::run@58 (line 97)
  0x000001c11cbac2c0: 3c78 51ff | e9f9 feff | ff48 8bcd | 488d 5424 | 504d 8bc7 | 49ba 1045 | 9cb2 fc7f | 0000 41ff 
  0x000001c11cbac2e0: d2e9 41fe | ffff 498b | cb48 8d54 | 2450 4d8b | c749 ba10 | 459c b2fc | 7f00 0041 | ffd2 eb8c 
  0x000001c11cbac300: 498b cb48 | 8d54 2450 | 4d8b c749 | ba10 459c | b2fc 7f00 | 0041 ffd2 | e962 fdff | ffba f6ff 
  0x000001c11cbac320: ffff 498b 

  0x000001c11cbac324: ;   {runtime_call UncommonTrapBlob}
  0x000001c11cbac324: ea66 90e8 

  0x000001c11cbac328: ; ImmutableOopMap {rbp=Oop [40]=Oop }
                      ;*getfield LOCK {reexecute=1 rethrow=0 return_oop=0}
                      ; - (reexecute) com.sun.glass.ui.InvokeLaterDispatcher$Future::run@52 (line 97)
  0x000001c11cbac328: d4dd 46ff | baf6 ffff 

  0x000001c11cbac330: ;   {runtime_call UncommonTrapBlob}
  0x000001c11cbac330: ff66 90e8 

  0x000001c11cbac334: ; ImmutableOopMap {rbp=NarrowOop [40]=Oop }
                      ;*getfield LOCK {reexecute=1 rethrow=0 return_oop=0}
                      ; - (reexecute) com.sun.glass.ui.InvokeLaterDispatcher$Future::run@68 (line 99)
  0x000001c11cbac334: c8dd 46ff 

  0x000001c11cbac338: ;   {internal_word}
  0x000001c11cbac338: 49ba 66bf | ba1c c101 | 0000 4d89 | 9760 0300 

  0x000001c11cbac348: ;   {runtime_call SafepointBlob}
  0x000001c11cbac348: 00e9 32cc | 46ff f4f4 | f4f4 f4f4 | f4f4 f4f4 | f4f4 f4f4 | f4f4 f4f4 
[Stub Code]
  0x000001c11cbac360: ;   {no_reloc}
  0x000001c11cbac360: 48bb 0000 | 0000 0000 

  0x000001c11cbac368: ;   {runtime_call}
  0x000001c11cbac368: 0000 e9fb 

  0x000001c11cbac36c: ;   {static_stub}
  0x000001c11cbac36c: ffff ff48 | bb00 0000 | 0000 0000 

  0x000001c11cbac378: ;   {runtime_call}
  0x000001c11cbac378: 00e9 fbff 

  0x000001c11cbac37c: ;   {runtime_call ExceptionBlob}
  0x000001c11cbac37c: ffff e97d | 9f50 ffe8 | 0000 0000 | 4883 2c24 

  0x000001c11cbac38c: ;   {runtime_call DeoptimizationBlob}
  0x000001c11cbac38c: 05e9 8ee0 | 46ff f4f4 | f4f4 f4f4 
[/MachCode]


---------------  P R O C E S S  ---------------

Threads class SMR info:
_java_thread_list=0x000001c1d16da3c0, length=58, elements={
0x000001c10ac0dc50, 0x000001c17100d310, 0x000001c17100dde0, 0x000001c171027ac0,
0x000001c171028390, 0x000001c171028c60, 0x000001c171029530, 0x000001c171032140,
0x000001c171046070, 0x000001c1710509a0, 0x000001c12fc13240, 0x000001c171867a70,
0x000001c171ae81c0, 0x000001c17607cb70, 0x000001c17609ca00, 0x000001c1763ae4e0,
0x000001c17c87bcc0, 0x000001c17c87b7b0, 0x000001c17c87a880, 0x000001c17c87ad90,
0x000001c176cb97a0, 0x000001c176cb9cb0, 0x000001c176cb8d80, 0x000001c176cb6500,
0x000001c176cb7e50, 0x000001c176cb8870, 0x000001c176cb6a10, 0x000001c176cb6f20,
0x000001c176cba1c0, 0x000001c176cba6d0, 0x000001c176cbabe0, 0x000001c176cb9290,
0x000001c176cb8360, 0x000001c176cb7430, 0x000001c176cb7940, 0x000001c176cbbb10,
0x000001c176cbcf50, 0x000001c176cbd460, 0x000001c176cbc530, 0x000001c176cbde80,
0x000001c176cbd970, 0x000001c17cac5810, 0x000001c17cac5d20, 0x000001c17cac4df0,
0x000001c17cac5300, 0x000001c17d3190a0, 0x000001c17d316d30, 0x000001c17d318b90,
0x000001c1ca99b550, 0x000001c1ca997da0, 0x000001c1cbc35a80, 0x000001c1cbc327e0,
0x000001c1cbc35570, 0x000001c1cbc32cf0, 0x000001c1cbc33710, 0x000001c1cbc33c20,
0x000001c1cdf1b7e0, 0x000001c17ee4e730
}

Java Threads: ( => current thread )
  0x000001c10ac0dc50 JavaThread "main" [_thread_blocked, id=18608, stack(0x00000093f2b00000,0x00000093f2c00000)]
  0x000001c17100d310 JavaThread "Reference Handler" daemon [_thread_blocked, id=19712, stack(0x00000093f3200000,0x00000093f3300000)]
  0x000001c17100dde0 JavaThread "Finalizer" daemon [_thread_blocked, id=21704, stack(0x00000093f3300000,0x00000093f3400000)]
  0x000001c171027ac0 JavaThread "Signal Dispatcher" daemon [_thread_blocked, id=7724, stack(0x00000093f3400000,0x00000093f3500000)]
  0x000001c171028390 JavaThread "Attach Listener" daemon [_thread_blocked, id=23756, stack(0x00000093f3500000,0x00000093f3600000)]
  0x000001c171028c60 JavaThread "Service Thread" daemon [_thread_blocked, id=17444, stack(0x00000093f3600000,0x00000093f3700000)]
  0x000001c171029530 JavaThread "Monitor Deflation Thread" daemon [_thread_blocked, id=19936, stack(0x00000093f3700000,0x00000093f3800000)]
  0x000001c171032140 JavaThread "C2 CompilerThread0" daemon [_thread_blocked, id=9152, stack(0x00000093f3800000,0x00000093f3900000)]
  0x000001c171046070 JavaThread "C1 CompilerThread0" daemon [_thread_blocked, id=10664, stack(0x00000093f3900000,0x00000093f3a00000)]
  0x000001c1710509a0 JavaThread "Sweeper thread" daemon [_thread_blocked, id=18560, stack(0x00000093f3a00000,0x00000093f3b00000)]
  0x000001c12fc13240 JavaThread "Common-Cleaner" daemon [_thread_blocked, id=20672, stack(0x00000093f3b00000,0x00000093f3c00000)]
  0x000001c171867a70 JavaThread "Notification Thread" daemon [_thread_blocked, id=17536, stack(0x00000093f3e00000,0x00000093f3f00000)]
  0x000001c171ae81c0 JavaThread "QuantumRenderer-0" daemon [_thread_blocked, id=10356, stack(0x00000093f4000000,0x00000093f4100000)]
  0x000001c17607cb70 JavaThread "InvokeLaterDispatcher" daemon [_thread_blocked, id=11344, stack(0x00000093f4100000,0x00000093f4200000)]
=>0x000001c17609ca00 JavaThread "JavaFX Application Thread" [_thread_in_native, id=21468, stack(0x00000093f4200000,0x00000093f4300000)]
  0x000001c1763ae4e0 JavaThread "Thread-1" daemon [_thread_in_native, id=19968, stack(0x00000093f4600000,0x00000093f4700000)]
  0x000001c17c87bcc0 JavaThread "Catalina-utility-1" [_thread_blocked, id=14348, stack(0x00000093f4f00000,0x00000093f5000000)]
  0x000001c17c87b7b0 JavaThread "Catalina-utility-2" [_thread_blocked, id=1188, stack(0x00000093f5000000,0x00000093f5100000)]
  0x000001c17c87a880 JavaThread "container-0" [_thread_blocked, id=23772, stack(0x00000093f5100000,0x00000093f5200000)]
  0x000001c17c87ad90 JavaThread "mysql-cj-abandoned-connection-cleanup" daemon [_thread_blocked, id=16256, stack(0x00000093f5200000,0x00000093f5300000)]
  0x000001c176cb97a0 JavaThread "http-nio-8082-exec-1" daemon [_thread_blocked, id=15748, stack(0x00000093f5300000,0x00000093f5400000)]
  0x000001c176cb9cb0 JavaThread "http-nio-8082-exec-2" daemon [_thread_blocked, id=23532, stack(0x00000093f5400000,0x00000093f5500000)]
  0x000001c176cb8d80 JavaThread "http-nio-8082-exec-3" daemon [_thread_blocked, id=2900, stack(0x00000093f5500000,0x00000093f5600000)]
  0x000001c176cb6500 JavaThread "http-nio-8082-exec-4" daemon [_thread_blocked, id=21812, stack(0x00000093f5600000,0x00000093f5700000)]
  0x000001c176cb7e50 JavaThread "http-nio-8082-exec-5" daemon [_thread_blocked, id=9900, stack(0x00000093f5700000,0x00000093f5800000)]
  0x000001c176cb8870 JavaThread "http-nio-8082-exec-6" daemon [_thread_blocked, id=18832, stack(0x00000093f5800000,0x00000093f5900000)]
  0x000001c176cb6a10 JavaThread "http-nio-8082-exec-7" daemon [_thread_blocked, id=5928, stack(0x00000093f5900000,0x00000093f5a00000)]
  0x000001c176cb6f20 JavaThread "http-nio-8082-exec-8" daemon [_thread_blocked, id=8984, stack(0x00000093f5a00000,0x00000093f5b00000)]
  0x000001c176cba1c0 JavaThread "http-nio-8082-exec-9" daemon [_thread_blocked, id=13968, stack(0x00000093f5b00000,0x00000093f5c00000)]
  0x000001c176cba6d0 JavaThread "http-nio-8082-exec-10" daemon [_thread_blocked, id=21384, stack(0x00000093f5c00000,0x00000093f5d00000)]
  0x000001c176cbabe0 JavaThread "http-nio-8082-Poller" daemon [_thread_in_native, id=23028, stack(0x00000093f5d00000,0x00000093f5e00000)]
  0x000001c176cb9290 JavaThread "http-nio-8082-Acceptor" daemon [_thread_in_native, id=21676, stack(0x00000093f5e00000,0x00000093f5f00000)]
  0x000001c176cb8360 JavaThread "JavaFX-Launcher" [_thread_blocked, id=2976, stack(0x00000093f5f00000,0x00000093f6000000)]
  0x000001c176cb7430 JavaThread "Prism Font Disposer" daemon [_thread_blocked, id=2484, stack(0x00000093f6300000,0x00000093f6400000)]
  0x000001c176cb7940 JavaThread "Cleaner-0" daemon [_thread_blocked, id=20336, stack(0x00000093f3d00000,0x00000093f3e00000)]
  0x000001c176cbbb10 JavaThread "Java2D Disposer" daemon [_thread_blocked, id=2748, stack(0x00000093f6800000,0x00000093f6900000)]
  0x000001c176cbcf50 JavaThread "AWT-Windows" daemon [_thread_in_native, id=1748, stack(0x00000093f6a00000,0x00000093f6b00000)]
  0x000001c176cbd460 JavaThread "Disposer" daemon [_thread_blocked, id=21060, stack(0x00000093f6600000,0x00000093f6700000)]
  0x000001c176cbc530 JavaThread "HttpClient-1-SelectorManager" daemon [_thread_in_native, id=19580, stack(0x00000093f6700000,0x00000093f6800000)]
  0x000001c176cbde80 JavaThread "ForkJoinPool.commonPool-worker-1" daemon [_thread_blocked, id=22900, stack(0x00000093f7500000,0x00000093f7600000)]
  0x000001c176cbd970 JavaThread "ForkJoinPool.commonPool-worker-2" daemon [_thread_blocked, id=1700, stack(0x00000093f6500000,0x00000093f6600000)]
  0x000001c17cac5810 JavaThread "ForkJoinPool.commonPool-worker-3" daemon [_thread_blocked, id=7520, stack(0x00000093f7600000,0x00000093f7700000)]
  0x000001c17cac5d20 JavaThread "Thread-7" daemon [_thread_in_native, id=17616, stack(0x00000093f7700000,0x00000093f7800000)]
  0x000001c17cac4df0 JavaThread "ForkJoinPool.commonPool-worker-4" daemon [_thread_blocked, id=7480, stack(0x00000093f8100000,0x00000093f8200000)]
  0x000001c17cac5300 JavaThread "ForkJoinPool.commonPool-worker-5" daemon [_thread_blocked, id=22836, stack(0x00000093f8200000,0x00000093f8300000)]
  0x000001c17d3190a0 JavaThread "ForkJoinPool.commonPool-worker-6" daemon [_thread_blocked, id=18468, stack(0x00000093f8300000,0x00000093f8400000)]
  0x000001c17d316d30 JavaThread "ForkJoinPool.commonPool-worker-7" daemon [_thread_blocked, id=15760, stack(0x00000093f8400000,0x00000093f8500000)]
  0x000001c17d318b90 JavaThread "HttpClient-1-Worker-16" daemon [_thread_blocked, id=9892, stack(0x00000093f8c00000,0x00000093f8d00000)]
  0x000001c1ca99b550 JavaThread "HttpClient-1-Worker-18" daemon [_thread_blocked, id=7936, stack(0x00000093f6d00000,0x00000093f6e00000)]
  0x000001c1ca997da0 JavaThread "HttpClient-1-Worker-19" daemon [_thread_blocked, id=23068, stack(0x00000093f6e00000,0x00000093f6f00000)]
  0x000001c1cbc35a80 JavaThread "HttpClient-1-Worker-20" daemon [_thread_blocked, id=23376, stack(0x00000093f6f00000,0x00000093f7000000)]
  0x000001c1cbc327e0 JavaThread "HttpClient-1-Worker-21" daemon [_thread_blocked, id=22660, stack(0x00000093f7000000,0x00000093f7100000)]
  0x000001c1cbc35570 JavaThread "HttpClient-1-Worker-22" daemon [_thread_blocked, id=22264, stack(0x00000093f7100000,0x00000093f7200000)]
  0x000001c1cbc32cf0 JavaThread "HttpClient-1-Worker-23" daemon [_thread_blocked, id=10660, stack(0x00000093f7200000,0x00000093f7300000)]
  0x000001c1cbc33710 JavaThread "HttpClient-1-Worker-24" daemon [_thread_blocked, id=10984, stack(0x00000093f7300000,0x00000093f7400000)]
  0x000001c1cbc33c20 JavaThread "HttpClient-1-Worker-25" daemon [_thread_blocked, id=16324, stack(0x00000093f7400000,0x00000093f7500000)]
  0x000001c1cdf1b7e0 JavaThread "HttpClient-1-Worker-26" daemon [_thread_blocked, id=11848, stack(0x00000093f7800000,0x00000093f7900000)]
  0x000001c17ee4e730 JavaThread "C2 CompilerThread1" daemon [_thread_blocked, id=15000, stack(0x00000093f7900000,0x00000093f7a00000)]

Other Threads:
  0x000001c171004e80 VMThread "VM Thread" [stack: 0x00000093f3100000,0x00000093f3200000] [id=11684]
  0x000001c17134eb30 WatcherThread [stack: 0x00000093f3f00000,0x00000093f4000000] [id=10260]
  0x000001c10cfb3670 GCTaskThread "GC Thread#0" [stack: 0x00000093f2c00000,0x00000093f2d00000] [id=9600]
  0x000001c1762ab070 GCTaskThread "GC Thread#1" [stack: 0x00000093f4700000,0x00000093f4800000] [id=9908]
  0x000001c17639dd80 GCTaskThread "GC Thread#2" [stack: 0x00000093f4800000,0x00000093f4900000] [id=24188]
  0x000001c1762c0300 GCTaskThread "GC Thread#3" [stack: 0x00000093f4900000,0x00000093f4a00000] [id=1328]
  0x000001c1762acd40 GCTaskThread "GC Thread#4" [stack: 0x00000093f4a00000,0x00000093f4b00000] [id=19136]
  0x000001c1762ad000 GCTaskThread "GC Thread#5" [stack: 0x00000093f4b00000,0x00000093f4c00000] [id=18824]
  0x000001c1762ad2c0 GCTaskThread "GC Thread#6" [stack: 0x00000093f4d00000,0x00000093f4e00000] [id=9372]
  0x000001c1762ac500 GCTaskThread "GC Thread#7" [stack: 0x00000093f4e00000,0x00000093f4f00000] [id=22908]
  0x000001c10cfc5c30 ConcurrentGCThread "G1 Main Marker" [stack: 0x00000093f2d00000,0x00000093f2e00000] [id=10124]
  0x000001c10cfc6560 ConcurrentGCThread "G1 Conc#0" [stack: 0x00000093f2e00000,0x00000093f2f00000] [id=22676]
  0x000001c1762abf80 ConcurrentGCThread "G1 Conc#1" [stack: 0x00000093f4c00000,0x00000093f4d00000] [id=20916]
  0x000001c12fadea20 ConcurrentGCThread "G1 Refine#0" [stack: 0x00000093f2f00000,0x00000093f3000000] [id=21348]
  0x000001c12fadf360 ConcurrentGCThread "G1 Service" [stack: 0x00000093f3000000,0x00000093f3100000] [id=23968]

Threads with active compile tasks:

VM state: not at safepoint (normal execution)

VM Mutex/Monitor currently owned by a thread: None

Heap address: 0x0000000705800000, size: 4008 MB, Compressed Oops mode: Zero based, Oop shift amount: 3

CDS archive(s) mapped at: [0x000001c130000000-0x000001c130bb0000-0x000001c130bb0000), size 12255232, SharedBaseAddress: 0x000001c130000000, ArchiveRelocationMode: 1.
Compressed class space mapped at: 0x000001c131000000-0x000001c171000000, reserved size: 1073741824
Narrow klass base: 0x000001c130000000, Narrow klass shift: 0, Narrow klass range: 0x100000000

GC Precious Log:
 CPUs: 8 total, 8 available
 Memory: 16026M
 Large Page Support: Disabled
 NUMA Support: Disabled
 Compressed Oops: Enabled (Zero based)
 Heap Region Size: 2M
 Heap Min Capacity: 8M
 Heap Initial Capacity: 252M
 Heap Max Capacity: 4008M
 Pre-touch: Disabled
 Parallel Workers: 8
 Concurrent Workers: 2
 Concurrent Refinement Workers: 8
 Periodic GC: Disabled

Heap:
 garbage-first heap   total 137216K, used 85907K [0x0000000705800000, 0x0000000800000000)
  region size 2048K, 18 young (36864K), 2 survivors (4096K)
 Metaspace       used 61788K, committed 62400K, reserved 1114112K
  class space    used 7911K, committed 8192K, reserved 1048576K

Heap Regions: E=young(eden), S=young(survivor), O=old, HS=humongous(starts), HC=humongous(continues), CS=collection set, F=free, OA=open archive, CA=closed archive, TAMS=top-at-mark-start (previous, next)
|   0|0x0000000705800000, 0x0000000705a00000, 0x0000000705a00000|100%| O|  |TAMS 0x0000000705a00000, 0x0000000705800000| Untracked 
|   1|0x0000000705a00000, 0x0000000705c00000, 0x0000000705c00000|100%| O|  |TAMS 0x0000000705c00000, 0x0000000705a00000| Untracked 
|   2|0x0000000705c00000, 0x0000000705e00000, 0x0000000705e00000|100%| O|  |TAMS 0x0000000705e00000, 0x0000000705c00000| Untracked 
|   3|0x0000000705e00000, 0x0000000706000000, 0x0000000706000000|100%| O|  |TAMS 0x0000000706000000, 0x0000000705e00000| Untracked 
|   4|0x0000000706000000, 0x0000000706200000, 0x0000000706200000|100%| O|  |TAMS 0x0000000706200000, 0x0000000706000000| Untracked 
|   5|0x0000000706200000, 0x0000000706400000, 0x0000000706400000|100%| O|  |TAMS 0x0000000706400000, 0x0000000706200000| Untracked 
|   6|0x0000000706400000, 0x0000000706600000, 0x0000000706600000|100%| O|  |TAMS 0x0000000706600000, 0x0000000706400000| Untracked 
|   7|0x0000000706600000, 0x0000000706800000, 0x0000000706800000|100%| O|  |TAMS 0x0000000706800000, 0x0000000706600000| Untracked 
|   8|0x0000000706800000, 0x0000000706a00000, 0x0000000706a00000|100%| O|  |TAMS 0x0000000706a00000, 0x0000000706800000| Untracked 
|   9|0x0000000706a00000, 0x0000000706c00000, 0x0000000706c00000|100%| O|  |TAMS 0x0000000706a55c00, 0x0000000706a00000| Untracked 
|  10|0x0000000706c00000, 0x0000000706e00000, 0x0000000706e00000|100%| O|  |TAMS 0x0000000706c00000, 0x0000000706c00000| Untracked 
|  11|0x0000000706e00000, 0x0000000707000000, 0x0000000707000000|100%|HS|  |TAMS 0x0000000707000000, 0x0000000706e00000| Complete 
|  12|0x0000000707000000, 0x0000000707200000, 0x0000000707200000|100%| O|  |TAMS 0x0000000707000000, 0x0000000707000000| Untracked 
|  13|0x0000000707200000, 0x0000000707400000, 0x0000000707400000|100%| O|  |TAMS 0x0000000707200000, 0x0000000707200000| Untracked 
|  14|0x0000000707400000, 0x0000000707600000, 0x0000000707600000|100%| O|  |TAMS 0x0000000707400000, 0x0000000707400000| Untracked 
|  15|0x0000000707600000, 0x00000007077e5e00, 0x0000000707800000| 94%| O|  |TAMS 0x0000000707600000, 0x0000000707600000| Untracked 
|  16|0x0000000707800000, 0x0000000707957a00, 0x0000000707a00000| 67%| O|  |TAMS 0x0000000707800000, 0x0000000707800000| Untracked 
|  17|0x0000000707a00000, 0x0000000707c00000, 0x0000000707c00000|100%|HS|  |TAMS 0x0000000707a00000, 0x0000000707a00000| Complete 
|  18|0x0000000707c00000, 0x0000000707e00000, 0x0000000707e00000|100%|HS|  |TAMS 0x0000000707c00000, 0x0000000707c00000| Complete 
|  19|0x0000000707e00000, 0x0000000708000000, 0x0000000708000000|100%|HS|  |TAMS 0x0000000707e00000, 0x0000000707e00000| Complete 
|  20|0x0000000708000000, 0x0000000708200000, 0x0000000708200000|100%|HS|  |TAMS 0x0000000708000000, 0x0000000708000000| Complete 
|  21|0x0000000708200000, 0x0000000708400000, 0x0000000708400000|100%|HS|  |TAMS 0x0000000708200000, 0x0000000708200000| Complete 
|  22|0x0000000708400000, 0x0000000708600000, 0x0000000708600000|100%|HC|  |TAMS 0x0000000708400000, 0x0000000708400000| Complete 
|  23|0x0000000708600000, 0x0000000708800000, 0x0000000708800000|100%|HS|  |TAMS 0x0000000708600000, 0x0000000708600000| Complete 
|  24|0x0000000708800000, 0x0000000708a00000, 0x0000000708a00000|100%|HS|  |TAMS 0x0000000708800000, 0x0000000708800000| Complete 
|  25|0x0000000708a00000, 0x0000000708a00000, 0x0000000708c00000|  0%| F|  |TAMS 0x0000000708a00000, 0x0000000708a00000| Untracked 
|  26|0x0000000708c00000, 0x0000000708c00000, 0x0000000708e00000|  0%| F|  |TAMS 0x0000000708c00000, 0x0000000708c00000| Untracked 
|  27|0x0000000708e00000, 0x0000000709000000, 0x0000000709000000|100%| O|  |TAMS 0x0000000708e00000, 0x0000000708e00000| Untracked 
|  28|0x0000000709000000, 0x0000000709200000, 0x0000000709200000|100%| O|  |TAMS 0x0000000709000000, 0x0000000709000000| Untracked 
|  29|0x0000000709200000, 0x0000000709200000, 0x0000000709400000|  0%| F|  |TAMS 0x0000000709200000, 0x0000000709200000| Untracked 
|  30|0x0000000709400000, 0x0000000709400000, 0x0000000709600000|  0%| F|  |TAMS 0x0000000709400000, 0x0000000709400000| Untracked 
|  31|0x0000000709600000, 0x0000000709600000, 0x0000000709800000|  0%| F|  |TAMS 0x0000000709600000, 0x0000000709600000| Untracked 
|  32|0x0000000709800000, 0x0000000709800000, 0x0000000709a00000|  0%| F|  |TAMS 0x0000000709800000, 0x0000000709800000| Untracked 
|  33|0x0000000709a00000, 0x0000000709aa7670, 0x0000000709c00000| 32%| S|CS|TAMS 0x0000000709a00000, 0x0000000709a00000| Complete 
|  34|0x0000000709c00000, 0x0000000709c00000, 0x0000000709e00000|  0%| F|  |TAMS 0x0000000709c00000, 0x0000000709c00000| Untracked 
|  35|0x0000000709e00000, 0x000000070a000000, 0x000000070a000000|100%| S|CS|TAMS 0x0000000709e00000, 0x0000000709e00000| Complete 
|  36|0x000000070a000000, 0x000000070a000000, 0x000000070a200000|  0%| F|  |TAMS 0x000000070a000000, 0x000000070a000000| Untracked 
|  37|0x000000070a200000, 0x000000070a200000, 0x000000070a400000|  0%| F|  |TAMS 0x000000070a200000, 0x000000070a200000| Untracked 
|  38|0x000000070a400000, 0x000000070a400000, 0x000000070a600000|  0%| F|  |TAMS 0x000000070a400000, 0x000000070a400000| Untracked 
|  39|0x000000070a600000, 0x000000070a600000, 0x000000070a800000|  0%| F|  |TAMS 0x000000070a600000, 0x000000070a600000| Untracked 
|  40|0x000000070a800000, 0x000000070a800000, 0x000000070aa00000|  0%| F|  |TAMS 0x000000070a800000, 0x000000070a800000| Untracked 
|  41|0x000000070aa00000, 0x000000070aa00000, 0x000000070ac00000|  0%| F|  |TAMS 0x000000070aa00000, 0x000000070aa00000| Untracked 
|  42|0x000000070ac00000, 0x000000070ac00000, 0x000000070ae00000|  0%| F|  |TAMS 0x000000070ac00000, 0x000000070ac00000| Untracked 
|  43|0x000000070ae00000, 0x000000070ae00000, 0x000000070b000000|  0%| F|  |TAMS 0x000000070ae00000, 0x000000070ae00000| Untracked 
|  44|0x000000070b000000, 0x000000070b000000, 0x000000070b200000|  0%| F|  |TAMS 0x000000070b000000, 0x000000070b000000| Untracked 
|  45|0x000000070b200000, 0x000000070b200000, 0x000000070b400000|  0%| F|  |TAMS 0x000000070b200000, 0x000000070b200000| Untracked 
|  46|0x000000070b400000, 0x000000070b400000, 0x000000070b600000|  0%| F|  |TAMS 0x000000070b400000, 0x000000070b400000| Untracked 
|  47|0x000000070b600000, 0x000000070b600000, 0x000000070b800000|  0%| F|  |TAMS 0x000000070b600000, 0x000000070b600000| Untracked 
|  48|0x000000070b800000, 0x000000070b800000, 0x000000070ba00000|  0%| F|  |TAMS 0x000000070b800000, 0x000000070b800000| Untracked 
|  49|0x000000070ba00000, 0x000000070ba00000, 0x000000070bc00000|  0%| F|  |TAMS 0x000000070ba00000, 0x000000070ba00000| Untracked 
|  50|0x000000070bc00000, 0x000000070bc00000, 0x000000070be00000|  0%| F|  |TAMS 0x000000070bc00000, 0x000000070bc00000| Untracked 
|  51|0x000000070be00000, 0x000000070be49b50, 0x000000070c000000| 14%| E|  |TAMS 0x000000070be00000, 0x000000070be00000| Complete 
|  52|0x000000070c000000, 0x000000070c200000, 0x000000070c200000|100%| E|CS|TAMS 0x000000070c000000, 0x000000070c000000| Complete 
|  53|0x000000070c200000, 0x000000070c400000, 0x000000070c400000|100%| E|CS|TAMS 0x000000070c200000, 0x000000070c200000| Complete 
|  54|0x000000070c400000, 0x000000070c600000, 0x000000070c600000|100%| E|CS|TAMS 0x000000070c400000, 0x000000070c400000| Complete 
|  55|0x000000070c600000, 0x000000070c800000, 0x000000070c800000|100%| E|CS|TAMS 0x000000070c600000, 0x000000070c600000| Complete 
|  56|0x000000070c800000, 0x000000070ca00000, 0x000000070ca00000|100%| E|CS|TAMS 0x000000070c800000, 0x000000070c800000| Complete 
|  57|0x000000070ca00000, 0x000000070cc00000, 0x000000070cc00000|100%| E|  |TAMS 0x000000070ca00000, 0x000000070ca00000| Complete 
|  58|0x000000070cc00000, 0x000000070ce00000, 0x000000070ce00000|100%| E|CS|TAMS 0x000000070cc00000, 0x000000070cc00000| Complete 
|  59|0x000000070ce00000, 0x000000070d000000, 0x000000070d000000|100%| E|CS|TAMS 0x000000070ce00000, 0x000000070ce00000| Complete 
|  60|0x000000070d000000, 0x000000070d200000, 0x000000070d200000|100%| E|CS|TAMS 0x000000070d000000, 0x000000070d000000| Complete 
|  61|0x000000070d200000, 0x000000070d400000, 0x000000070d400000|100%| E|CS|TAMS 0x000000070d200000, 0x000000070d200000| Complete 
|  62|0x000000070d400000, 0x000000070d600000, 0x000000070d600000|100%| E|CS|TAMS 0x000000070d400000, 0x000000070d400000| Complete 
|  63|0x000000070d600000, 0x000000070d800000, 0x000000070d800000|100%| E|CS|TAMS 0x000000070d600000, 0x000000070d600000| Complete 
|  64|0x000000070d800000, 0x000000070da00000, 0x000000070da00000|100%| E|CS|TAMS 0x000000070d800000, 0x000000070d800000| Complete 
| 121|0x0000000714a00000, 0x0000000714c00000, 0x0000000714c00000|100%| E|CS|TAMS 0x0000000714a00000, 0x0000000714a00000| Complete 
| 125|0x0000000715200000, 0x0000000715400000, 0x0000000715400000|100%| E|CS|TAMS 0x0000000715200000, 0x0000000715200000| Complete 

Card table byte_map: [0x000001c1245b0000,0x000001c124d90000] _byte_map_base: 0x000001c120d84000

Marking Bits (Prev, Next): (CMBitMap*) 0x000001c10cfb3be0, (CMBitMap*) 0x000001c10cfb3ba0
 Prev Bits: [0x000001c129410000, 0x000001c12d2b0000)
 Next Bits: [0x000001c125570000, 0x000001c129410000)

Polling page: 0x000001c10acc0000

Metaspace:

Usage:
  Non-class:     52.61 MB used.
      Class:      7.73 MB used.
       Both:     60.34 MB used.

Virtual space:
  Non-class space:       64.00 MB reserved,      52.94 MB ( 83%) committed,  1 nodes.
      Class space:        1.00 GB reserved,       8.00 MB ( <1%) committed,  1 nodes.
             Both:        1.06 GB reserved,      60.94 MB (  6%) committed. 

Chunk freelists:
   Non-Class:  11.02 MB
       Class:  8.03 MB
        Both:  19.05 MB

MaxMetaspaceSize: unlimited
CompressedClassSpaceSize: 1.00 GB
Initial GC threshold: 21.00 MB
Current GC threshold: 98.44 MB
CDS: on
MetaspaceReclaimPolicy: balanced
 - commit_granule_bytes: 65536.
 - commit_granule_words: 8192.
 - virtual_space_node_default_size: 8388608.
 - enlarge_chunks_in_place: 1.
 - new_chunks_are_fully_committed: 0.
 - uncommit_free_chunks: 1.
 - use_allocation_guard: 0.
 - handle_deallocations: 1.


Internal statistics:

num_allocs_failed_limit: 9.
num_arena_births: 908.
num_arena_deaths: 0.
num_vsnodes_births: 2.
num_vsnodes_deaths: 0.
num_space_committed: 975.
num_space_uncommitted: 0.
num_chunks_returned_to_freelist: 9.
num_chunks_taken_from_freelist: 3037.
num_chunk_merges: 6.
num_chunk_splits: 2069.
num_chunks_enlarged: 1495.
num_inconsistent_stats: 0.

CodeHeap 'non-profiled nmethods': size=120000Kb used=7283Kb max_used=7378Kb free=112716Kb
 bounds [0x000001c11c560000, 0x000001c11cca0000, 0x000001c123a90000]
CodeHeap 'profiled nmethods': size=120000Kb used=20764Kb max_used=21486Kb free=99235Kb
 bounds [0x000001c114a90000, 0x000001c115f90000, 0x000001c11bfc0000]
CodeHeap 'non-nmethods': size=5760Kb used=1657Kb max_used=1716Kb free=4102Kb
 bounds [0x000001c11bfc0000, 0x000001c11c230000, 0x000001c11c560000]
 total_blobs=11019 nmethods=9962 adapters=968
 compilation: enabled
              stopped_count=0, restarted_count=0
 full_count=0

Compilation events (20 events):
Event: 224.754 Thread 0x000001c171046070 nmethod 12146 0x000001c115d47b90 code [0x000001c115d47d60, 0x000001c115d48038]
Event: 224.755 Thread 0x000001c171046070 12147       3       jdk.internal.net.http.Http2Connection::keyString (111 bytes)
Event: 224.758 Thread 0x000001c171046070 nmethod 12147 0x000001c115d92a90 code [0x000001c115d92f60, 0x000001c115d95ad8]
Event: 224.766 Thread 0x000001c171046070 12149       3       sun.security.ec.ParametersMap::getByName (17 bytes)
Event: 224.767 Thread 0x000001c171046070 nmethod 12149 0x000001c115d91e10 code [0x000001c115d92020, 0x000001c115d92708]
Event: 224.767 Thread 0x000001c171046070 12150       3       sun.security.ec.ParametersMap::apply (10 bytes)
Event: 224.767 Thread 0x000001c171046070 nmethod 12150 0x000001c115d47610 code [0x000001c115d477c0, 0x000001c115d47a98]
Event: 224.767 Thread 0x000001c171046070 12151       3       sun.security.ssl.Authenticator$SSLNullMac::macAlg (8 bytes)
Event: 224.767 Thread 0x000001c171046070 nmethod 12151 0x000001c115626290 code [0x000001c115626420, 0x000001c115626538]
Event: 224.768 Thread 0x000001c171046070 12152       3       jdk.internal.net.http.Http2Connection::isOpen (26 bytes)
Event: 224.768 Thread 0x000001c171046070 nmethod 12152 0x000001c115d46e90 code [0x000001c115d47040, 0x000001c115d47368]
Event: 224.768 Thread 0x000001c171046070 12153       3       jdk.internal.net.http.WindowUpdateSender::<init> (125 bytes)
Event: 224.769 Thread 0x000001c171046070 nmethod 12153 0x000001c115508c10 code [0x000001c115508f60, 0x000001c11550aa28]
Event: 224.788 Thread 0x000001c171046070 12154       3       javafx.scene.Scene$ClickCounter::out (10 bytes)
Event: 224.789 Thread 0x000001c171046070 nmethod 12154 0x000001c11592fc90 code [0x000001c11592fe40, 0x000001c115930068]
Event: 224.792 Thread 0x000001c171046070 12155       3       com.sun.javafx.geom.transform.BaseTransform::equals (164 bytes)
Event: 224.793 Thread 0x000001c171046070 nmethod 12155 0x000001c115d52610 code [0x000001c115d52960, 0x000001c115d543f8]
Event: 224.832 Thread 0x000001c171046070 12157       3       java.util.concurrent.ForkJoinPool$WorkQueue::topLevelExec (76 bytes)
Event: 224.833 Thread 0x000001c171046070 nmethod 12157 0x000001c1151eac10 code [0x000001c1151eae20, 0x000001c1151eb358]
Event: 224.834 Thread 0x000001c17ee4e730 12148 %     4       com.sun.marlin.RendererNoAA::_endRendering @ 282 (2331 bytes)

GC Heap History (20 events):
Event: 6.109 GC heap before
{Heap before GC invocations=8 (full 0):
 garbage-first heap   total 61440K, used 29022K [0x0000000705800000, 0x0000000800000000)
  region size 2048K, 8 young (16384K), 2 survivors (4096K)
 Metaspace       used 35498K, committed 35968K, reserved 1114112K
  class space    used 4461K, committed 4736K, reserved 1048576K
}
Event: 6.113 GC heap after
{Heap after GC invocations=9 (full 0):
 garbage-first heap   total 61440K, used 19661K [0x0000000705800000, 0x0000000800000000)
  region size 2048K, 1 young (2048K), 1 survivors (2048K)
 Metaspace       used 35498K, committed 35968K, reserved 1114112K
  class space    used 4461K, committed 4736K, reserved 1048576K
}
Event: 6.870 GC heap before
{Heap before GC invocations=10 (full 0):
 garbage-first heap   total 61440K, used 44237K [0x0000000705800000, 0x0000000800000000)
  region size 2048K, 13 young (26624K), 1 survivors (2048K)
 Metaspace       used 40693K, committed 41216K, reserved 1114112K
  class space    used 5437K, committed 5696K, reserved 1048576K
}
Event: 6.875 GC heap after
{Heap after GC invocations=11 (full 0):
 garbage-first heap   total 159744K, used 24639K [0x0000000705800000, 0x0000000800000000)
  region size 2048K, 2 young (4096K), 2 survivors (4096K)
 Metaspace       used 40693K, committed 41216K, reserved 1114112K
  class space    used 5437K, committed 5696K, reserved 1048576K
}
Event: 56.565 GC heap before
{Heap before GC invocations=11 (full 0):
 garbage-first heap   total 159744K, used 112703K [0x0000000705800000, 0x0000000800000000)
  region size 2048K, 45 young (92160K), 2 survivors (4096K)
 Metaspace       used 59155K, committed 59776K, reserved 1114112K
  class space    used 7835K, committed 8128K, reserved 1048576K
}
Event: 56.578 GC heap after
{Heap after GC invocations=12 (full 0):
 garbage-first heap   total 159744K, used 33111K [0x0000000705800000, 0x0000000800000000)
  region size 2048K, 6 young (12288K), 6 survivors (12288K)
 Metaspace       used 59155K, committed 59776K, reserved 1114112K
  class space    used 7835K, committed 8128K, reserved 1048576K
}
Event: 57.660 GC heap before
{Heap before GC invocations=12 (full 0):
 garbage-first heap   total 159744K, used 63831K [0x0000000705800000, 0x0000000800000000)
  region size 2048K, 22 young (45056K), 6 survivors (12288K)
 Metaspace       used 59877K, committed 60416K, reserved 1114112K
  class space    used 7853K, committed 8128K, reserved 1048576K
}
Event: 57.671 GC heap after
{Heap after GC invocations=13 (full 0):
 garbage-first heap   total 159744K, used 36447K [0x0000000705800000, 0x0000000800000000)
  region size 2048K, 2 young (4096K), 2 survivors (4096K)
 Metaspace       used 59877K, committed 60416K, reserved 1114112K
  class space    used 7853K, committed 8128K, reserved 1048576K
}
Event: 59.457 GC heap before
{Heap before GC invocations=14 (full 0):
 garbage-first heap   total 137216K, used 116319K [0x0000000705800000, 0x0000000800000000)
  region size 2048K, 40 young (81920K), 2 survivors (4096K)
 Metaspace       used 60299K, committed 60928K, reserved 1114112K
  class space    used 7863K, committed 8128K, reserved 1048576K
}
Event: 59.462 GC heap after
{Heap after GC invocations=15 (full 0):
 garbage-first heap   total 137216K, used 38910K [0x0000000705800000, 0x0000000800000000)
  region size 2048K, 4 young (8192K), 4 survivors (8192K)
 Metaspace       used 60299K, committed 60928K, reserved 1114112K
  class space    used 7863K, committed 8128K, reserved 1048576K
}
Event: 62.439 GC heap before
{Heap before GC invocations=15 (full 0):
 garbage-first heap   total 137216K, used 114686K [0x0000000705800000, 0x0000000800000000)
  region size 2048K, 35 young (71680K), 4 survivors (8192K)
 Metaspace       used 60614K, committed 61184K, reserved 1114112K
  class space    used 7878K, committed 8128K, reserved 1048576K
}
Event: 62.442 GC heap after
{Heap after GC invocations=16 (full 0):
 garbage-first heap   total 137216K, used 50114K [0x0000000705800000, 0x0000000800000000)
  region size 2048K, 5 young (10240K), 5 survivors (10240K)
 Metaspace       used 60614K, committed 61184K, reserved 1114112K
  class space    used 7878K, committed 8128K, reserved 1048576K
}
Event: 88.231 GC heap before
{Heap before GC invocations=16 (full 0):
 garbage-first heap   total 137216K, used 99266K [0x0000000705800000, 0x0000000800000000)
  region size 2048K, 30 young (61440K), 5 survivors (10240K)
 Metaspace       used 61285K, committed 61824K, reserved 1114112K
  class space    used 7904K, committed 8192K, reserved 1048576K
}
Event: 88.234 GC heap after
{Heap after GC invocations=17 (full 0):
 garbage-first heap   total 137216K, used 46326K [0x0000000705800000, 0x0000000800000000)
  region size 2048K, 1 young (2048K), 1 survivors (2048K)
 Metaspace       used 61285K, committed 61824K, reserved 1114112K
  class space    used 7904K, committed 8192K, reserved 1048576K
}
Event: 221.056 GC heap before
{Heap before GC invocations=17 (full 0):
 garbage-first heap   total 137216K, used 103670K [0x0000000705800000, 0x0000000800000000)
  region size 2048K, 30 young (61440K), 1 survivors (2048K)
 Metaspace       used 61672K, committed 62272K, reserved 1114112K
  class space    used 7911K, committed 8192K, reserved 1048576K
}
Event: 221.059 GC heap after
{Heap after GC invocations=18 (full 0):
 garbage-first heap   total 137216K, used 46703K [0x0000000705800000, 0x0000000800000000)
  region size 2048K, 2 young (4096K), 2 survivors (4096K)
 Metaspace       used 61672K, committed 62272K, reserved 1114112K
  class space    used 7911K, committed 8192K, reserved 1048576K
}
Event: 222.856 GC heap before
{Heap before GC invocations=18 (full 0):
 garbage-first heap   total 137216K, used 104047K [0x0000000705800000, 0x0000000800000000)
  region size 2048K, 31 young (63488K), 2 survivors (4096K)
 Metaspace       used 61728K, committed 62336K, reserved 1114112K
  class space    used 7911K, committed 8192K, reserved 1048576K
}
Event: 222.858 GC heap after
{Heap after GC invocations=19 (full 0):
 garbage-first heap   total 137216K, used 48374K [0x0000000705800000, 0x0000000800000000)
  region size 2048K, 2 young (4096K), 2 survivors (4096K)
 Metaspace       used 61728K, committed 62336K, reserved 1114112K
  class space    used 7911K, committed 8192K, reserved 1048576K
}
Event: 223.836 GC heap before
{Heap before GC invocations=19 (full 0):
 garbage-first heap   total 137216K, used 111862K [0x0000000705800000, 0x0000000800000000)
  region size 2048K, 32 young (65536K), 2 survivors (4096K)
 Metaspace       used 61766K, committed 62400K, reserved 1114112K
  class space    used 7911K, committed 8192K, reserved 1048576K
}
Event: 223.839 GC heap after
{Heap after GC invocations=20 (full 0):
 garbage-first heap   total 137216K, used 49043K [0x0000000705800000, 0x0000000800000000)
  region size 2048K, 2 young (4096K), 2 survivors (4096K)
 Metaspace       used 61766K, committed 62400K, reserved 1114112K
  class space    used 7911K, committed 8192K, reserved 1048576K
}

Dll operation events (20 events):
Event: 0.422 Loaded shared library C:\Users\HP\.openjfx\cache\21+31\amd64\vcruntime140.dll
Event: 0.424 Loaded shared library C:\Users\HP\.openjfx\cache\21+31\amd64\vcruntime140_1.dll
Event: 0.433 Loaded shared library C:\Users\HP\.openjfx\cache\21+31\amd64\msvcp140.dll
Event: 0.436 Loaded shared library C:\Users\HP\.openjfx\cache\21+31\amd64\msvcp140_1.dll
Event: 0.439 Loaded shared library C:\Users\HP\.openjfx\cache\21+31\amd64\msvcp140_2.dll
Event: 0.484 Loaded shared library C:\Users\HP\.openjfx\cache\21+31\amd64\prism_d3d.dll
Event: 0.523 Loaded shared library C:\Users\HP\.openjfx\cache\21+31\amd64\glass.dll
Event: 0.667 Loaded shared library C:\Users\HP\.jdks\ms-17.0.16\bin\verify.dll
Event: 0.673 Loaded shared library C:\Users\HP\.jdks\ms-17.0.16\bin\jimage.dll
Event: 1.755 Loaded shared library C:\Users\HP\.jdks\ms-17.0.16\bin\sunmscapi.dll
Event: 4.417 Loaded shared library C:\Users\HP\.jdks\ms-17.0.16\bin\management.dll
Event: 4.422 Loaded shared library C:\Users\HP\.jdks\ms-17.0.16\bin\management_ext.dll
Event: 4.950 Loaded shared library C:\Users\HP\.jdks\ms-17.0.16\bin\extnet.dll
Event: 6.178 Loaded shared library C:\Users\HP\.openjfx\cache\21+31\amd64\javafx_iio.dll
Event: 6.287 Loaded shared library C:\Users\HP\.openjfx\cache\21+31\amd64\javafx_font.dll
Event: 33.645 Loaded shared library C:\Users\HP\.jdks\ms-17.0.16\bin\awt.dll
Event: 55.472 Loaded shared library C:\Users\HP\.openjfx\cache\21+31\amd64\jfxwebkit.dll
Event: 87.998 Loaded shared library C:\Users\HP\.openjfx\cache\21+31\amd64\glib-lite.dll
Event: 88.055 Loaded shared library C:\Users\HP\.openjfx\cache\21+31\amd64\gstreamer-lite.dll
Event: 88.125 Loaded shared library C:\Users\HP\.openjfx\cache\21+31\amd64\jfxmedia.dll

Deoptimization events (20 events):
Event: 223.668 Thread 0x000001c171ae81c0 Uncommon trap: trap_request=0xffffff45 fr.pc=0x000001c11cbfd724 relative=0x0000000000002044
Event: 223.668 Thread 0x000001c171ae81c0 Uncommon trap: reason=unstable_if action=reinterpret pc=0x000001c11cbfd724 method=com.sun.marlin.RendererNoAA._endRendering(IILcom/sun/marlin/MarlinAlphaConsumer;)V @ 1990 c2
Event: 223.668 Thread 0x000001c171ae81c0 DEOPT PACKING pc=0x000001c11cbfd724 sp=0x00000093f40fc920
Event: 223.668 Thread 0x000001c171ae81c0 DEOPT UNPACKING pc=0x000001c11c01a1a3 sp=0x00000093f40fc810 mode 2
Event: 223.687 Thread 0x000001c171ae81c0 DEOPT PACKING pc=0x000001c11592620d sp=0x00000093f40fc8b0
Event: 223.687 Thread 0x000001c171ae81c0 DEOPT UNPACKING pc=0x000001c11c01ace3 sp=0x00000093f40fbd10 mode 0
Event: 223.699 Thread 0x000001c171ae81c0 Uncommon trap: trap_request=0xffffff45 fr.pc=0x000001c11cc0d31c relative=0x000000000000109c
Event: 223.699 Thread 0x000001c171ae81c0 Uncommon trap: reason=unstable_if action=reinterpret pc=0x000001c11cc0d31c method=com.sun.javafx.geom.Rectangle.isEmpty()Z @ 11 c2
Event: 223.699 Thread 0x000001c171ae81c0 DEOPT PACKING pc=0x000001c11cc0d31c sp=0x00000093f40fd700
Event: 223.699 Thread 0x000001c171ae81c0 DEOPT UNPACKING pc=0x000001c11c01a1a3 sp=0x00000093f40fd670 mode 2
Event: 224.486 Thread 0x000001c171ae81c0 DEOPT PACKING pc=0x000001c115926970 sp=0x00000093f40fc8b0
Event: 224.486 Thread 0x000001c171ae81c0 DEOPT UNPACKING pc=0x000001c11c01ace3 sp=0x00000093f40fbd10 mode 0
Event: 224.711 Thread 0x000001c171ae81c0 DEOPT PACKING pc=0x000001c115926970 sp=0x00000093f40fc8b0
Event: 224.711 Thread 0x000001c171ae81c0 DEOPT UNPACKING pc=0x000001c11c01ace3 sp=0x00000093f40fbd10 mode 0
Event: 224.769 Thread 0x000001c17609ca00 Uncommon trap: trap_request=0xffffff45 fr.pc=0x000001c11c6a87c0 relative=0x0000000000000140
Event: 224.769 Thread 0x000001c17609ca00 Uncommon trap: reason=unstable_if action=reinterpret pc=0x000001c11c6a87c0 method=javafx.scene.Scene$ClickCounter.stopTimeout()V @ 4 c2
Event: 224.769 Thread 0x000001c17609ca00 DEOPT PACKING pc=0x000001c11c6a87c0 sp=0x00000093f42fdbd0
Event: 224.769 Thread 0x000001c17609ca00 DEOPT UNPACKING pc=0x000001c11c01a1a3 sp=0x00000093f42fda98 mode 2
Event: 224.803 Thread 0x000001c171ae81c0 DEOPT PACKING pc=0x000001c11592620d sp=0x00000093f40fc8b0
Event: 224.803 Thread 0x000001c171ae81c0 DEOPT UNPACKING pc=0x000001c11c01ace3 sp=0x00000093f40fbd10 mode 0

Classes loaded (20 events):
Event: 58.487 Loading class jdk/internal/icu/text/BidiBase$Opening
Event: 58.487 Loading class jdk/internal/icu/text/BidiBase$Opening done
Event: 58.487 Loading class jdk/internal/icu/text/BidiBase$IsoRun
Event: 58.487 Loading class jdk/internal/icu/text/BidiBase$IsoRun done
Event: 58.487 Loading class jdk/internal/icu/text/BidiBase$LevState
Event: 58.487 Loading class jdk/internal/icu/text/BidiBase$LevState done
Event: 59.813 Loading class jdk/internal/misc/ScopedMemoryAccess$Scope$Handle
Event: 59.813 Loading class jdk/internal/misc/ScopedMemoryAccess$Scope$Handle done
Event: 59.853 Loading class java/lang/FdLibm$Cbrt
Event: 59.853 Loading class java/lang/FdLibm$Cbrt done
Event: 61.577 Loading class java/util/zip/DataFormatException
Event: 61.577 Loading class java/util/zip/DataFormatException done
Event: 219.771 Loading class sun/security/ssl/PreSharedKeyExtension$PskIdentity
Event: 219.771 Loading class sun/security/ssl/PreSharedKeyExtension$PskIdentity done
Event: 219.771 Loading class sun/security/ssl/PreSharedKeyExtension$CHPreSharedKeySpec
Event: 219.771 Loading class sun/security/ssl/PreSharedKeyExtension$CHPreSharedKeySpec done
Event: 219.772 Loading class sun/security/ssl/PreSharedKeyExtension$PartialClientHelloMessage
Event: 219.772 Loading class sun/security/ssl/PreSharedKeyExtension$PartialClientHelloMessage done
Event: 219.867 Loading class sun/security/ssl/PreSharedKeyExtension$SHPreSharedKeySpec
Event: 219.867 Loading class sun/security/ssl/PreSharedKeyExtension$SHPreSharedKeySpec done

Classes unloaded (0 events):
No events

Classes redefined (0 events):
No events

Internal exceptions (20 events):
Event: 87.906 Thread 0x000001c17609ca00 Exception <a 'java/io/FileNotFoundException'{0x000000070afb8d68}> (0x000000070afb8d68) 
thrown [s\src\hotspot\share\prims\jni.cpp, line 516]
Event: 87.917 Thread 0x000001c17609ca00 Exception <a 'java/io/FileNotFoundException'{0x000000070afc08e0}> (0x000000070afc08e0) 
thrown [s\src\hotspot\share\prims\jni.cpp, line 516]
Event: 87.917 Thread 0x000001c17609ca00 Exception <a 'java/io/FileNotFoundException'{0x000000070afc1990}> (0x000000070afc1990) 
thrown [s\src\hotspot\share\prims\jni.cpp, line 516]
Event: 87.917 Thread 0x000001c17609ca00 Exception <a 'java/io/FileNotFoundException'{0x000000070afc2a58}> (0x000000070afc2a58) 
thrown [s\src\hotspot\share\prims\jni.cpp, line 516]
Event: 87.917 Thread 0x000001c17609ca00 Exception <a 'java/io/FileNotFoundException'{0x000000070afc3b08}> (0x000000070afc3b08) 
thrown [s\src\hotspot\share\prims\jni.cpp, line 516]
Event: 87.923 Thread 0x000001c17609ca00 Exception <a 'java/io/FileNotFoundException'{0x000000070afd4da0}> (0x000000070afd4da0) 
thrown [s\src\hotspot\share\prims\jni.cpp, line 516]
Event: 87.923 Thread 0x000001c17609ca00 Exception <a 'java/io/FileNotFoundException'{0x000000070afd5e50}> (0x000000070afd5e50) 
thrown [s\src\hotspot\share\prims\jni.cpp, line 516]
Event: 87.923 Thread 0x000001c17609ca00 Exception <a 'java/io/FileNotFoundException'{0x000000070afd6f18}> (0x000000070afd6f18) 
thrown [s\src\hotspot\share\prims\jni.cpp, line 516]
Event: 87.923 Thread 0x000001c17609ca00 Exception <a 'java/io/FileNotFoundException'{0x000000070afd7fc8}> (0x000000070afd7fc8) 
thrown [s\src\hotspot\share\prims\jni.cpp, line 516]
Event: 91.753 Thread 0x000001c17609ca00 Exception <a 'java/lang/ClassNotFoundException'{0x000000070cf194f8}: sun/net/www/protocol/about/Handler> (0x000000070cf194f8) 
thrown [s\src\hotspot\share\classfile\systemDictionary.cpp, line 256]
Event: 91.853 Thread 0x000001c17609ca00 Exception <a 'java/lang/ClassNotFoundException'{0x000000070cf2ed18}: sun/net/www/protocol/about/Handler> (0x000000070cf2ed18) 
thrown [s\src\hotspot\share\classfile\systemDictionary.cpp, line 256]
Event: 102.424 Thread 0x000001c176cbcf50 Implicit null exception at 0x000001c11cbac89d to 0x000001c11cbad568
Event: 217.370 Thread 0x000001c17609ca00 Exception <a 'java/io/FileNotFoundException'{0x000000070bfb9e48}> (0x000000070bfb9e48) 
thrown [s\src\hotspot\share\prims\jni.cpp, line 516]
Event: 217.377 Thread 0x000001c17609ca00 Implicit null exception at 0x000001c11cc698b4 to 0x000001c11cc6acb0
Event: 219.309 Thread 0x000001c17609ca00 Exception <a 'sun/nio/fs/WindowsException'{0x000000070bbcbb90}> (0x000000070bbcbb90) 
thrown [s\src\hotspot\share\prims\jni.cpp, line 516]
Event: 219.311 Thread 0x000001c17609ca00 Exception <a 'sun/nio/fs/WindowsException'{0x000000070bbcd2f8}> (0x000000070bbcd2f8) 
thrown [s\src\hotspot\share\prims\jni.cpp, line 516]
Event: 220.331 Thread 0x000001c17609ca00 Exception <a 'java/io/FileNotFoundException'{0x000000070b5cb9a8}> (0x000000070b5cb9a8) 
thrown [s\src\hotspot\share\prims\jni.cpp, line 516]
Event: 220.331 Thread 0x000001c17609ca00 Exception <a 'java/io/FileNotFoundException'{0x000000070b5cc7b0}> (0x000000070b5cc7b0) 
thrown [s\src\hotspot\share\prims\jni.cpp, line 516]
Event: 220.331 Thread 0x000001c17609ca00 Exception <a 'java/io/FileNotFoundException'{0x000000070b5cd5d0}> (0x000000070b5cd5d0) 
thrown [s\src\hotspot\share\prims\jni.cpp, line 516]
Event: 220.331 Thread 0x000001c17609ca00 Exception <a 'java/io/FileNotFoundException'{0x000000070b5ce3d8}> (0x000000070b5ce3d8) 
thrown [s\src\hotspot\share\prims\jni.cpp, line 516]

VM Operations (20 events):
Event: 217.377 Executing VM operation: HandshakeAllThreads
Event: 217.377 Executing VM operation: HandshakeAllThreads done
Event: 217.410 Executing VM operation: HandshakeAllThreads
Event: 217.410 Executing VM operation: HandshakeAllThreads done
Event: 217.431 Executing VM operation: HandshakeAllThreads
Event: 217.432 Executing VM operation: HandshakeAllThreads done
Event: 218.431 Executing VM operation: Cleanup
Event: 218.432 Executing VM operation: Cleanup done
Event: 219.433 Executing VM operation: Cleanup
Event: 219.433 Executing VM operation: Cleanup done
Event: 220.434 Executing VM operation: Cleanup
Event: 220.434 Executing VM operation: Cleanup done
Event: 221.056 Executing VM operation: G1CollectForAllocation
Event: 221.059 Executing VM operation: G1CollectForAllocation done
Event: 222.059 Executing VM operation: Cleanup
Event: 222.059 Executing VM operation: Cleanup done
Event: 222.856 Executing VM operation: G1CollectForAllocation
Event: 222.858 Executing VM operation: G1CollectForAllocation done
Event: 223.836 Executing VM operation: G1CollectForAllocation
Event: 223.839 Executing VM operation: G1CollectForAllocation done

Memory protections (0 events):
No events

Nmethod flushes (20 events):
Event: 217.446 Thread 0x000001c1710509a0 flushing  nmethod 0x000001c115bd6b90
Event: 217.446 Thread 0x000001c1710509a0 flushing  nmethod 0x000001c115c04610
Event: 217.446 Thread 0x000001c1710509a0 flushing  nmethod 0x000001c115c0fa90
Event: 217.446 Thread 0x000001c1710509a0 flushing  nmethod 0x000001c115c1a290
Event: 217.446 Thread 0x000001c1710509a0 flushing  nmethod 0x000001c115c2f810
Event: 217.446 Thread 0x000001c1710509a0 flushing  nmethod 0x000001c115c3f310
Event: 217.446 Thread 0x000001c1710509a0 flushing  nmethod 0x000001c115c47690
Event: 217.446 Thread 0x000001c1710509a0 flushing  nmethod 0x000001c115c51d10
Event: 217.446 Thread 0x000001c1710509a0 flushing  nmethod 0x000001c115c7d510
Event: 217.446 Thread 0x000001c1710509a0 flushing  nmethod 0x000001c115c86d10
Event: 217.446 Thread 0x000001c1710509a0 flushing  nmethod 0x000001c115cf5e10
Event: 217.446 Thread 0x000001c1710509a0 flushing  nmethod 0x000001c115d21610
Event: 217.447 Thread 0x000001c1710509a0 flushing  nmethod 0x000001c115d37c10
Event: 217.447 Thread 0x000001c1710509a0 flushing  nmethod 0x000001c115d88e90
Event: 217.447 Thread 0x000001c1710509a0 flushing  nmethod 0x000001c115d91e10
Event: 217.447 Thread 0x000001c1710509a0 flushing  nmethod 0x000001c115d93e10
Event: 217.447 Thread 0x000001c1710509a0 flushing  nmethod 0x000001c115db7f90
Event: 217.447 Thread 0x000001c1710509a0 flushing osr nmethod 0x000001c115dcec10
Event: 217.447 Thread 0x000001c1710509a0 flushing  nmethod 0x000001c115de9210
Event: 217.447 Thread 0x000001c1710509a0 flushing  nmethod 0x000001c115ec1c10

Events (20 events):
Event: 211.788 Thread 0x000001c1ca9987c0 Thread exited: 0x000001c1ca9987c0
Event: 214.737 Thread 0x000001c17cac43d0 Thread exited: 0x000001c17cac43d0
Event: 217.376 Thread 0x000001c171046070 Thread added: 0x000001c1cac19bf0
Event: 217.594 Thread 0x000001c1cac19bf0 Thread exited: 0x000001c1cac19bf0
Event: 219.766 Thread 0x000001c176cbc530 Thread added: 0x000001c1ca99b550
Event: 220.021 Thread 0x000001c17609ca00 Thread added: 0x000001c1ca997da0
Event: 220.182 Thread 0x000001c17609ca00 Thread added: 0x000001c1cbc35a80
Event: 220.183 Thread 0x000001c17609ca00 Thread added: 0x000001c1cbc327e0
Event: 220.183 Thread 0x000001c17609ca00 Thread added: 0x000001c1cbc35570
Event: 220.183 Thread 0x000001c17609ca00 Thread added: 0x000001c1cbc32cf0
Event: 220.184 Thread 0x000001c17609ca00 Thread added: 0x000001c1cbc33710
Event: 220.184 Thread 0x000001c17609ca00 Thread added: 0x000001c1cbc33c20
Event: 220.184 Thread 0x000001c17609ca00 Thread added: 0x000001c1cdf1b7e0
Event: 220.985 Thread 0x000001c171046070 Thread added: 0x000001c1ca703770
Event: 220.985 Thread 0x000001c171046070 Thread added: 0x000001c1ca701ce0
Event: 221.439 Thread 0x000001c1ca701ce0 Thread exited: 0x000001c1ca701ce0
Event: 221.810 Thread 0x000001c1cfb47a00 Thread added: 0x000001c1cfb47a00
Event: 221.810 Thread 0x000001c1cfb47a00 Thread exited: 0x000001c1cfb47a00
Event: 222.046 Thread 0x000001c1ca703770 Thread exited: 0x000001c1ca703770
Event: 224.834 Thread 0x000001c171046070 Thread added: 0x000001c17ee4e730


Dynamic libraries:
0x00007ff793e60000 - 0x00007ff793e6e000 	C:\Users\HP\.jdks\ms-17.0.16\bin\java.exe
0x00007ffd379a0000 - 0x00007ffd37c07000 	C:\WINDOWS\SYSTEM32\ntdll.dll
0x00007ffd35820000 - 0x00007ffd358e9000 	C:\WINDOWS\System32\KERNEL32.DLL
0x00007ffd350a0000 - 0x00007ffd35497000 	C:\WINDOWS\System32\KERNELBASE.dll
0x00007ffd355d0000 - 0x00007ffd3571b000 	C:\WINDOWS\System32\ucrtbase.dll
0x00007ffd30110000 - 0x00007ffd30128000 	C:\Users\HP\.jdks\ms-17.0.16\bin\jli.dll
0x00007ffd300f0000 - 0x00007ffd3010e000 	C:\Users\HP\.jdks\ms-17.0.16\bin\VCRUNTIME140.dll
0x00007ffd366e0000 - 0x00007ffd368a6000 	C:\WINDOWS\System32\USER32.dll
0x00007ffd34480000 - 0x00007ffd344a7000 	C:\WINDOWS\System32\win32u.dll
0x00007ffd17e50000 - 0x00007ffd180e2000 	C:\WINDOWS\WinSxS\amd64_microsoft.windows.common-controls_6595b64144ccf1df_6.0.26100.8328_none_3e08182ce334b678\COMCTL32.dll
0x00007ffd36300000 - 0x00007ffd363a9000 	C:\WINDOWS\System32\msvcrt.dll
0x00007ffd36ec0000 - 0x00007ffd36eeb000 	C:\WINDOWS\System32\GDI32.dll
0x00007ffd354a0000 - 0x00007ffd355cc000 	C:\WINDOWS\System32\gdi32full.dll
0x00007ffd343d0000 - 0x00007ffd34473000 	C:\WINDOWS\System32\msvcp_win.dll
0x00007ffd37920000 - 0x00007ffd37952000 	C:\WINDOWS\System32\IMM32.DLL
0x00007ffd2f930000 - 0x00007ffd2f93c000 	C:\Users\HP\.jdks\ms-17.0.16\bin\vcruntime140_1.dll
0x00007ffd2f8a0000 - 0x00007ffd2f929000 	C:\Users\HP\.jdks\ms-17.0.16\bin\msvcp140.dll
0x00007ffcb22d0000 - 0x00007ffcb2f4a000 	C:\Users\HP\.jdks\ms-17.0.16\bin\server\jvm.dll
0x00007ffd35760000 - 0x00007ffd35816000 	C:\WINDOWS\System32\ADVAPI32.dll
0x00007ffd35960000 - 0x00007ffd35a07000 	C:\WINDOWS\System32\sechost.dll
0x00007ffd36a10000 - 0x00007ffd36b28000 	C:\WINDOWS\System32\RPCRT4.dll
0x00007ffd35c30000 - 0x00007ffd35cb0000 	C:\WINDOWS\System32\WS2_32.dll
0x00007ffd34230000 - 0x00007ffd3428e000 	C:\WINDOWS\SYSTEM32\POWRPROF.dll
0x00007ffd2fa00000 - 0x00007ffd2fa0b000 	C:\WINDOWS\SYSTEM32\VERSION.dll
0x00007ffd29ee0000 - 0x00007ffd29f16000 	C:\WINDOWS\SYSTEM32\WINMM.dll
0x00007ffd34210000 - 0x00007ffd34224000 	C:\WINDOWS\SYSTEM32\UMPDC.dll
0x00007ffd33160000 - 0x00007ffd3317b000 	C:\WINDOWS\SYSTEM32\kernel.appcore.dll
0x00007ffd2f890000 - 0x00007ffd2f89a000 	C:\Users\HP\.jdks\ms-17.0.16\bin\jimage.dll
0x00007ffd32230000 - 0x00007ffd32472000 	C:\WINDOWS\SYSTEM32\DBGHELP.DLL
0x00007ffd36b30000 - 0x00007ffd36eb3000 	C:\WINDOWS\System32\combase.dll
0x00007ffd36210000 - 0x00007ffd362e9000 	C:\WINDOWS\System32\OLEAUT32.dll
0x00007ffd03b80000 - 0x00007ffd03bbb000 	C:\WINDOWS\SYSTEM32\dbgcore.DLL
0x00007ffd34630000 - 0x00007ffd346d8000 	C:\WINDOWS\System32\bcryptPrimitives.dll
0x00007ffd23d60000 - 0x00007ffd23d86000 	C:\Users\HP\.jdks\ms-17.0.16\bin\java.dll
0x00007ffd08aa0000 - 0x00007ffd08b76000 	C:\Users\HP\.jdks\ms-17.0.16\bin\jsvml.dll
0x00007ffd36ef0000 - 0x00007ffd3765e000 	C:\WINDOWS\System32\SHELL32.dll
0x00007ffd346e0000 - 0x00007ffd34f4c000 	C:\WINDOWS\System32\windows.storage.dll
0x00007ffd365e0000 - 0x00007ffd366d6000 	C:\WINDOWS\System32\SHCORE.dll
0x00007ffd358f0000 - 0x00007ffd35956000 	C:\WINDOWS\System32\shlwapi.dll
0x00007ffd342f0000 - 0x00007ffd34319000 	C:\WINDOWS\SYSTEM32\profapi.dll
0x00007ffd246a0000 - 0x00007ffd246bb000 	C:\Users\HP\.jdks\ms-17.0.16\bin\net.dll
0x00007ffd2bc70000 - 0x00007ffd2bd99000 	C:\WINDOWS\SYSTEM32\WINHTTP.dll
0x00007ffd336d0000 - 0x00007ffd3373c000 	C:\WINDOWS\system32\mswsock.dll
0x00007ffd229c0000 - 0x00007ffd229d6000 	C:\Users\HP\.jdks\ms-17.0.16\bin\nio.dll
0x00007ffd22950000 - 0x00007ffd22968000 	C:\Users\HP\.jdks\ms-17.0.16\bin\zip.dll
0x000001c10ad00000 - 0x000001c10ad03000 	C:\Users\HP\.openjfx\cache\21+31\amd64\api-ms-win-core-console-l1-1-0.dll
0x000001c10ad10000 - 0x000001c10ad13000 	C:\Users\HP\.openjfx\cache\21+31\amd64\api-ms-win-core-console-l1-2-0.dll
0x000001c10ad20000 - 0x000001c10ad23000 	C:\Users\HP\.openjfx\cache\21+31\amd64\api-ms-win-core-datetime-l1-1-0.dll
0x000001c10ad30000 - 0x000001c10ad33000 	C:\Users\HP\.openjfx\cache\21+31\amd64\api-ms-win-core-debug-l1-1-0.dll
0x000001c10ad40000 - 0x000001c10ad43000 	C:\Users\HP\.openjfx\cache\21+31\amd64\api-ms-win-core-errorhandling-l1-1-0.dll
0x000001c10ad50000 - 0x000001c10ad54000 	C:\Users\HP\.openjfx\cache\21+31\amd64\api-ms-win-core-file-l1-1-0.dll
0x000001c10ad60000 - 0x000001c10ad63000 	C:\Users\HP\.openjfx\cache\21+31\amd64\api-ms-win-core-file-l1-2-0.dll
0x000001c10ae10000 - 0x000001c10ae13000 	C:\Users\HP\.openjfx\cache\21+31\amd64\api-ms-win-core-file-l2-1-0.dll
0x000001c10ae20000 - 0x000001c10ae23000 	C:\Users\HP\.openjfx\cache\21+31\amd64\api-ms-win-core-handle-l1-1-0.dll
0x000001c10ce20000 - 0x000001c10ce23000 	C:\Users\HP\.openjfx\cache\21+31\amd64\api-ms-win-core-heap-l1-1-0.dll
0x000001c10ce30000 - 0x000001c10ce33000 	C:\Users\HP\.openjfx\cache\21+31\amd64\api-ms-win-core-interlocked-l1-1-0.dll
0x000001c10ce40000 - 0x000001c10ce43000 	C:\Users\HP\.openjfx\cache\21+31\amd64\api-ms-win-core-libraryloader-l1-1-0.dll
0x000001c10ce50000 - 0x000001c10ce53000 	C:\Users\HP\.openjfx\cache\21+31\amd64\api-ms-win-core-localization-l1-2-0.dll
0x000001c10ce60000 - 0x000001c10ce63000 	C:\Users\HP\.openjfx\cache\21+31\amd64\api-ms-win-core-memory-l1-1-0.dll
0x000001c10ce70000 - 0x000001c10ce73000 	C:\Users\HP\.openjfx\cache\21+31\amd64\api-ms-win-core-namedpipe-l1-1-0.dll
0x000001c10ce80000 - 0x000001c10ce83000 	C:\Users\HP\.openjfx\cache\21+31\amd64\api-ms-win-core-processenvironment-l1-1-0.dll
0x000001c10ce90000 - 0x000001c10ce93000 	C:\Users\HP\.openjfx\cache\21+31\amd64\api-ms-win-core-processthreads-l1-1-0.dll
0x000001c10cea0000 - 0x000001c10cea3000 	C:\Users\HP\.openjfx\cache\21+31\amd64\api-ms-win-core-processthreads-l1-1-1.dll
0x000001c10ceb0000 - 0x000001c10ceb3000 	C:\Users\HP\.openjfx\cache\21+31\amd64\api-ms-win-core-profile-l1-1-0.dll
0x000001c10cec0000 - 0x000001c10cec3000 	C:\Users\HP\.openjfx\cache\21+31\amd64\api-ms-win-core-rtlsupport-l1-1-0.dll
0x000001c10ced0000 - 0x000001c10ced3000 	C:\Users\HP\.openjfx\cache\21+31\amd64\api-ms-win-core-string-l1-1-0.dll
0x000001c10cee0000 - 0x000001c10cee3000 	C:\Users\HP\.openjfx\cache\21+31\amd64\api-ms-win-core-synch-l1-1-0.dll
0x000001c12fd30000 - 0x000001c12fd33000 	C:\Users\HP\.openjfx\cache\21+31\amd64\api-ms-win-core-synch-l1-2-0.dll
0x000001c12fd40000 - 0x000001c12fd43000 	C:\Users\HP\.openjfx\cache\21+31\amd64\api-ms-win-core-sysinfo-l1-1-0.dll
0x000001c12fd50000 - 0x000001c12fd53000 	C:\Users\HP\.openjfx\cache\21+31\amd64\api-ms-win-core-timezone-l1-1-0.dll
0x000001c12fd60000 - 0x000001c12fd63000 	C:\Users\HP\.openjfx\cache\21+31\amd64\api-ms-win-core-util-l1-1-0.dll
0x000001c12fd70000 - 0x000001c12fd73000 	C:\Users\HP\.openjfx\cache\21+31\amd64\api-ms-win-crt-conio-l1-1-0.dll
0x000001c12fd80000 - 0x000001c12fd84000 	C:\Users\HP\.openjfx\cache\21+31\amd64\api-ms-win-crt-convert-l1-1-0.dll
0x000001c12fd90000 - 0x000001c12fd93000 	C:\Users\HP\.openjfx\cache\21+31\amd64\api-ms-win-crt-environment-l1-1-0.dll
0x000001c12fda0000 - 0x000001c12fda3000 	C:\Users\HP\.openjfx\cache\21+31\amd64\api-ms-win-crt-filesystem-l1-1-0.dll
0x000001c12fdb0000 - 0x000001c12fdb3000 	C:\Users\HP\.openjfx\cache\21+31\amd64\api-ms-win-crt-heap-l1-1-0.dll
0x000001c12fdc0000 - 0x000001c12fdc3000 	C:\Users\HP\.openjfx\cache\21+31\amd64\api-ms-win-crt-locale-l1-1-0.dll
0x000001c12fdd0000 - 0x000001c12fdd5000 	C:\Users\HP\.openjfx\cache\21+31\amd64\api-ms-win-crt-math-l1-1-0.dll
0x000001c12fde0000 - 0x000001c12fde5000 	C:\Users\HP\.openjfx\cache\21+31\amd64\api-ms-win-crt-multibyte-l1-1-0.dll
0x000001c12fdf0000 - 0x000001c12fe00000 	C:\Users\HP\.openjfx\cache\21+31\amd64\api-ms-win-crt-private-l1-1-0.dll
0x000001c12fe00000 - 0x000001c12fe03000 	C:\Users\HP\.openjfx\cache\21+31\amd64\api-ms-win-crt-process-l1-1-0.dll
0x000001c12fe10000 - 0x000001c12fe14000 	C:\Users\HP\.openjfx\cache\21+31\amd64\api-ms-win-crt-runtime-l1-1-0.dll
0x000001c12fe20000 - 0x000001c12fe24000 	C:\Users\HP\.openjfx\cache\21+31\amd64\api-ms-win-crt-stdio-l1-1-0.dll
0x000001c12fe30000 - 0x000001c12fe34000 	C:\Users\HP\.openjfx\cache\21+31\amd64\api-ms-win-crt-string-l1-1-0.dll
0x000001c12fe40000 - 0x000001c12fe43000 	C:\Users\HP\.openjfx\cache\21+31\amd64\api-ms-win-crt-time-l1-1-0.dll
0x000001c12fe50000 - 0x000001c12fe53000 	C:\Users\HP\.openjfx\cache\21+31\amd64\api-ms-win-crt-utility-l1-1-0.dll
0x00007ffcf86a0000 - 0x00007ffcf879c000 	C:\Users\HP\.openjfx\cache\21+31\amd64\ucrtbase.dll
0x00007ffd228e0000 - 0x00007ffd228fb000 	C:\Users\HP\.openjfx\cache\21+31\amd64\vcruntime140.dll
0x00007ffd246f0000 - 0x00007ffd246fc000 	C:\Users\HP\.openjfx\cache\21+31\amd64\vcruntime140_1.dll
0x00007ffcf9000000 - 0x00007ffcf908e000 	C:\Users\HP\.openjfx\cache\21+31\amd64\msvcp140.dll
0x00007ffd35a80000 - 0x00007ffd35c17000 	C:\WINDOWS\System32\ole32.dll
0x00007ffd23d50000 - 0x00007ffd23d59000 	C:\Users\HP\.openjfx\cache\21+31\amd64\msvcp140_1.dll
0x00007ffd228b0000 - 0x00007ffd228df000 	C:\Users\HP\.openjfx\cache\21+31\amd64\msvcp140_2.dll
0x00007ffd19130000 - 0x00007ffd1915f000 	C:\Users\HP\.openjfx\cache\21+31\amd64\prism_d3d.dll
0x00007ffd091f0000 - 0x00007ffd093a3000 	C:\WINDOWS\system32\d3d9.dll
0x00007ffd31c70000 - 0x00007ffd31c9f000 	C:\WINDOWS\SYSTEM32\dwmapi.dll
0x00007ffd31c20000 - 0x00007ffd31c65000 	C:\WINDOWS\SYSTEM32\dxcore.dll
0x00007ffd31960000 - 0x00007ffd31a0a000 	C:\WINDOWS\system32\uxtheme.dll
0x00007ffcb5b50000 - 0x00007ffcb5db3000 	C:\WINDOWS\System32\DriverStore\FileRepository\iigd_dch.inf_amd64_46a183a099a0cf25\igdumdim64.dll
0x00007ffcb47e0000 - 0x00007ffcb5b4f000 	C:\WINDOWS\System32\DriverStore\FileRepository\iigd_dch.inf_amd64_46a183a099a0cf25\igd9dxva64.dll
0x00007ffd35d80000 - 0x00007ffd36207000 	C:\WINDOWS\System32\SETUPAPI.dll
0x00007ffd33f40000 - 0x00007ffd33f91000 	C:\WINDOWS\SYSTEM32\cfgmgr32.dll
0x00007ffcb7900000 - 0x00007ffcb962b000 	C:\WINDOWS\System32\DriverStore\FileRepository\iigd_dch.inf_amd64_46a183a099a0cf25\media_bin_64.dll
0x00007ffd29900000 - 0x00007ffd29d3e000 	C:\WINDOWS\System32\DriverStore\FileRepository\iigd_dch.inf_amd64_46a183a099a0cf25\igdgmm64.dll
0x00007ffd2c8b0000 - 0x00007ffd2c911000 	C:\WINDOWS\SYSTEM32\directxdatabasehelper.dll
0x00007ffd08a50000 - 0x00007ffd08a92000 	C:\Users\HP\.openjfx\cache\21+31\amd64\glass.dll
0x00007ffd37790000 - 0x00007ffd37880000 	C:\WINDOWS\System32\COMDLG32.dll
0x00007ffd368b0000 - 0x00007ffd36a0c000 	C:\WINDOWS\System32\MSCTF.dll
0x00007ffd314e0000 - 0x00007ffd31507000 	C:\WINDOWS\System32\DriverStore\FileRepository\iigd_dch.inf_amd64_46a183a099a0cf25\igdinfo64.dll
0x00007ffd258a0000 - 0x00007ffd298f4000 	C:\WINDOWS\System32\DriverStore\FileRepository\iigd_dch.inf_amd64_46a183a099a0cf25\igc64.dll
0x00007ffd2f6e0000 - 0x00007ffd2f6f0000 	C:\Users\HP\.jdks\ms-17.0.16\bin\verify.dll
0x00007ffd229b0000 - 0x00007ffd229be000 	C:\Users\HP\.jdks\ms-17.0.16\bin\sunmscapi.dll
0x00007ffd344b0000 - 0x00007ffd34628000 	C:\WINDOWS\System32\CRYPT32.dll
0x00007ffd33bd0000 - 0x00007ffd33c00000 	C:\WINDOWS\SYSTEM32\ncrypt.dll
0x00007ffd33b80000 - 0x00007ffd33bbf000 	C:\WINDOWS\SYSTEM32\NTASN1.dll
0x00007ffd339b0000 - 0x00007ffd339cb000 	C:\WINDOWS\SYSTEM32\CRYPTSP.dll
0x00007ffd330c0000 - 0x00007ffd330f9000 	C:\WINDOWS\system32\rsaenh.dll
0x00007ffd33780000 - 0x00007ffd337b3000 	C:\WINDOWS\SYSTEM32\USERENV.dll
0x00007ffd342c0000 - 0x00007ffd342ea000 	C:\WINDOWS\SYSTEM32\bcrypt.dll
0x00007ffd339d0000 - 0x00007ffd339dc000 	C:\WINDOWS\SYSTEM32\CRYPTBASE.dll
0x00007ffd32b30000 - 0x00007ffd32b62000 	C:\WINDOWS\SYSTEM32\IPHLPAPI.DLL
0x00007ffd35c20000 - 0x00007ffd35c2a000 	C:\WINDOWS\System32\NSI.dll
0x00007ffd2c030000 - 0x00007ffd2c04d000 	C:\WINDOWS\SYSTEM32\dhcpcsvc6.DLL
0x00007ffd2bf80000 - 0x00007ffd2bfa5000 	C:\WINDOWS\SYSTEM32\dhcpcsvc.DLL
0x00007ffd32bc0000 - 0x00007ffd32cf2000 	C:\WINDOWS\SYSTEM32\DNSAPI.dll
0x00007ffd22910000 - 0x00007ffd2291a000 	C:\Users\HP\.jdks\ms-17.0.16\bin\management.dll
0x00007ffd22900000 - 0x00007ffd2290c000 	C:\Users\HP\.jdks\ms-17.0.16\bin\management_ext.dll
0x00007ffd362f0000 - 0x00007ffd362f8000 	C:\WINDOWS\System32\PSAPI.DLL

dbghelp: loaded successfully - version: 4.0.5 - missing functions: none
symbol engine: initialized successfully - sym options: 0x614 - pdb path: .;C:\Users\HP\.jdks\ms-17.0.16\bin;C:\WINDOWS\SYSTEM32;C:\WINDOWS\WinSxS\amd64_microsoft.windows.common-controls_6595b64144ccf1df_6.0.26100.8328_none_3e08182ce334b678;C:\Users\HP\.jdks\ms-17.0.16\bin\server;C:\Users\HP\.openjfx\cache\21+31\amd64;C:\WINDOWS\System32\DriverStore\FileRepository\iigd_dch.inf_amd64_46a183a099a0cf25;C:\Program Files\Common Files\Microsoft Shared\Ink

VM Arguments:
jvm_args: --add-opens=javafx.graphics/com.sun.javafx.sg.prism=ALL-UNNAMED --module-path=C:\Users\HP\.m2\repository\org\openjfx\javafx-base\21\javafx-base-21-win.jar;C:\Users\HP\.m2\repository\org\openjfx\javafx-base\21\javafx-base-21.jar;C:\Users\HP\.m2\repository\org\openjfx\javafx-controls\21\javafx-controls-21-win.jar;C:\Users\HP\.m2\repository\org\openjfx\javafx-controls\21\javafx-controls-21.jar;C:\Users\HP\.m2\repository\org\openjfx\javafx-fxml\21\javafx-fxml-21-win.jar;C:\Users\HP\.m2\repository\org\openjfx\javafx-fxml\21\javafx-fxml-21.jar;C:\Users\HP\.m2\repository\org\openjfx\javafx-graphics\21\javafx-graphics-21-win.jar;C:\Users\HP\.m2\repository\org\openjfx\javafx-graphics\21\javafx-graphics-21.jar;C:\Users\HP\.m2\repository\org\openjfx\javafx-media\21\javafx-media-21-win.jar;C:\Users\HP\.m2\repository\org\openjfx\javafx-media\21\javafx-media-21.jar;C:\Users\HP\.m2\repository\org\openjfx\javafx-web\21\javafx-web-21-win.jar;C:\Users\HP\.m2\repository\org\openjfx\javafx-web\21\javafx-web-21.jar --add-modules=javafx.base,javafx.controls,javafx.fxml,javafx.graphics,javafx.media,javafx.web 
java_command: org.example.main.MainFX
java_class_path (initial): C:\Users\HP\IdeaProjects\SosiProject\target\classes;C:\Users\HP\.m2\repository\ch\qos\logback\logback-classic\1.4.14\logback-classic-1.4.14.jar;C:\Users\HP\.m2\repository\ch\qos\logback\logback-core\1.4.14\logback-core-1.4.14.jar;C:\Users\HP\.m2\repository\com\fasterxml\jackson\core\jackson-annotations\2.15.4\jackson-annotations-2.15.4.jar;C:\Users\HP\.m2\repository\com\fasterxml\jackson\core\jackson-core\2.15.4\jackson-core-2.15.4.jar;C:\Users\HP\.m2\repository\com\fasterxml\jackson\core\jackson-databind\2.16.1\jackson-databind-2.16.1.jar;C:\Users\HP\.m2\repository\com\fasterxml\jackson\datatype\jackson-datatype-jdk8\2.15.4\jackson-datatype-jdk8-2.15.4.jar;C:\Users\HP\.m2\repository\com\fasterxml\jackson\datatype\jackson-datatype-jsr310\2.15.4\jackson-datatype-jsr310-2.15.4.jar;C:\Users\HP\.m2\repository\com\fasterxml\jackson\module\jackson-module-parameter-names\2.15.4\jackson-module-parameter-names-2.15.4.jar;C:\Users\HP\.m2\repository\com\github\librepdf\openpdf\2.0.2\openpdf-2.0.2.jar;C:\Users\HP\.m2\repository\com\google\api-client\google-api-client\2.2.0\google-api-client-2.2.0.jar;C:\Users\HP\.m2\repository\com\google\apis\google-api-services-calendar\v3-rev20220715-2.0.0\google-api-services-calendar-v3-rev20220715-2.0.0.jar;C:\Users\HP\.m2\repository\com\google\code\findbugs\jsr305\3.0.2\jsr305-3.0.2.jar;C:\Users\HP\.m2\repository\com\google\code\gson\gson\2.10.1\gson-2.10.1.jar;C:\Users\HP\.m2\repository\com\google\errorprone\error_prone_annotations\2.11.0\error_prone_annotations-2.11.0.jar;C:\Users\HP\.m2\repository\com\google\guava\failureaccess\1.0.1\failureaccess-1.0.1.jar;C:\Users\HP\.m2\repository\com\google\guava\guava\31.1-jre\guava-31.1-jre.jar;C:\Users\HP\.m2\repository\com\google\guava\listenablefuture\9999.0-empty-to-avoid-conflict-with-guava\listenablefuture-9999.0-empty-to-avoid-conflict-with-guava.jar;C:\Users\HP\.m2\repository\com\google\http-client\google-http-client\1.42.3\google-http-client-1.42.3.jar;C:\User
Launcher Type: SUN_STANDARD

[Global flags]
     intx CICompilerCount                          = 4                                         {product} {ergonomic}
     uint ConcGCThreads                            = 2                                         {product} {ergonomic}
     uint G1ConcRefinementThreads                  = 8                                         {product} {ergonomic}
   size_t G1HeapRegionSize                         = 2097152                                   {product} {ergonomic}
    uintx GCDrainStackTargetSize                   = 64                                        {product} {ergonomic}
   size_t InitialHeapSize                          = 264241152                                 {product} {ergonomic}
   size_t MarkStackSize                            = 4194304                                   {product} {ergonomic}
   size_t MaxHeapSize                              = 4202692608                                {product} {ergonomic}
   size_t MaxNewSize                               = 2520776704                                {product} {ergonomic}
   size_t MinHeapDeltaBytes                        = 2097152                                   {product} {ergonomic}
   size_t MinHeapSize                              = 8388608                                   {product} {ergonomic}
    uintx NonNMethodCodeHeapSize                   = 5839372                                {pd product} {ergonomic}
    uintx NonProfiledCodeHeapSize                  = 122909434                              {pd product} {ergonomic}
    uintx ProfiledCodeHeapSize                     = 122909434                              {pd product} {ergonomic}
    uintx ReservedCodeCacheSize                    = 251658240                              {pd product} {ergonomic}
     bool SegmentedCodeCache                       = true                                      {product} {ergonomic}
   size_t SoftMaxHeapSize                          = 4202692608                             {manageable} {ergonomic}
     bool UseCompressedClassPointers               = true                           {product lp64_product} {ergonomic}
     bool UseCompressedOops                        = true                           {product lp64_product} {ergonomic}
     bool UseG1GC                                  = true                                      {product} {ergonomic}
     bool UseLargePagesIndividualAllocation        = false                                  {pd product} {ergonomic}

Logging:
Log output configuration:
 #0: stdout all=warning uptime,level,tags
 #1: stderr all=off uptime,level,tags

Environment Variables:
JAVA_HOME=C:\Users\HP\.jdks\ms-17.0.16
PATH=C:\Program Files (x86)\VMware\VMware Workstation\bin\;C:\Program Files\Microsoft\jdk-17.0.14.7-hotspot\bin;C:\oraclexe\app\oracle\product\11.2.0\server\bin;C:\WINDOWS\system32;C:\WINDOWS;C:\WINDOWS\System32\Wbem;C:\WINDOWS\System32\WindowsPowerShell\v1.0\;C:\WINDOWS\System32\OpenSSH\;C:\Program Files\dotnet\;C:\instantclient12_2;C:\oraclexe\app\oracle\admin\XE;C:\oraclexe;C:\Program Files\Git\cmd;C:\Program Files\nodejs\;C:\ProgramData\chocolatey\bin;C:\Qt\Qt6.3.0\Tools\mingw1120_64\bin;C:\Users\HP\.jdks\ms-17.0.16;C:\xampp1\php;C:\Program Files (x86)\Microsoft SQL Server\170\Tools\Binn\;C:\Program Files\Microsoft SQL Server\170\Tools\Binn\;C:\Program Files\Microsoft SQL Server\Client SDK\ODBC\180\Tools\Binn\;C:\Program Files\Microsoft SQL Server\170\DTS\Binn\;c:\Users\HP\AppData\Local\Programs\Trae\bin;C:\Users\HP\scoop\shims;C:\Users\HP\AppData\Local\Programs\Python\Python311\Scripts\;C:\Users\HP\AppData\Local\Programs\Python\Python311\;C:\Users\HP\AppData\Local\Programs\Python\Python313\Scripts\;C:\Users\HP\AppData\Local\Programs\Python\Python313\;C:\Users\HP\AppData\Local\Microsoft\WindowsApps;C:\Users\HP\AppData\Local\Programs\Microsoft VS Code\bin;C:\Users\HP\AppData\Local\Programs\Ollama;C:\Program Files\OpenSSL-Win64\bin;C:\Users\HP\AppData\Roaming\npm;C:\Program Files\JetBrains\IntelliJ IDEA 2025.2.1\bin;C:\Users\HP\composer;C:\Users\HP\AppData\Roaming\Composer\vendor\bin;C:\Users\HP\AppData\Local\Programs\Antigravity\bin;C:\Users\HP\.local\bin;
USERNAME=HP
OS=Windows_NT
PROCESSOR_IDENTIFIER=Intel64 Family 6 Model 140 Stepping 1, GenuineIntel
TMP=C:\Users\HP\AppData\Local\Temp
TEMP=C:\Users\HP\AppData\Local\Temp



Periodic native trim disabled


---------------  S Y S T E M  ---------------

OS:
 Windows 11 , 64 bit Build 26100 (10.0.26100.8328)
OS uptime: 0 days 1:55 hours
Hyper-V role detected

CPU: total 8 (initial active 8) (4 cores per cpu, 2 threads per core) family 6 model 140 stepping 1 microcode 0xb4, cx8, cmov, fxsr, ht, mmx, 3dnowpref, sse, sse2, sse3, ssse3, sse4.1, sse4.2, popcnt, lzcnt, tsc, tscinvbit, avx, avx2, aes, erms, clmul, bmi1, bmi2, adx, avx512f, avx512dq, avx512cd, avx512bw, avx512vl, sha, fma, vzeroupper, avx512_vpopcntdq, avx512_vpclmulqdq, avx512_vaes, avx512_vnni, clflush, clflushopt, clwb, avx512_vbmi2, avx512_vbmi, hv
Processor Information for processor 0
  Max Mhz: 2701, Current Mhz: 900, Mhz Limit: 2701
Processor Information for processor 1
  Max Mhz: 2701, Current Mhz: 900, Mhz Limit: 2701
Processor Information for processor 2
  Max Mhz: 2701, Current Mhz: 900, Mhz Limit: 2701
Processor Information for processor 3
  Max Mhz: 2701, Current Mhz: 2701, Mhz Limit: 2701
Processor Information for processor 4
  Max Mhz: 2701, Current Mhz: 400, Mhz Limit: 2701
Processor Information for processor 5
  Max Mhz: 2701, Current Mhz: 400, Mhz Limit: 2701
Processor Information for processor 6
  Max Mhz: 2701, Current Mhz: 400, Mhz Limit: 2701
Processor Information for processor 7
  Max Mhz: 2701, Current Mhz: 400, Mhz Limit: 2701

Memory: 4k page, system-wide physical 16026M (1349M free)
TotalPageFile size 23743M (AvailPageFile size 1784M)
current process WorkingSet (physical memory assigned to process): 818M, peak: 818M
current process commit charge ("private bytes"): 844M, peak: 844M

vm_info: OpenJDK 64-Bit Server VM (17.0.16+8-LTS) for windows-amd64 JRE (17.0.16+8-LTS), built on Jul 10 2025 00:24:24 by "MicrosoftCorporation" with unknown MS VC++:1944

END.
